mean_Ia,std_Ia,max_Ia,min_Ia,rms_Ia,skew_Ia,kurtosis_Ia,energy_Ia,mean_Ib,std_Ib,max_Ib,min_Ib,rms_Ib,skew_Ib,kurtosis_Ib,energy_Ib,mean_Ic,std_Ic,max_Ic,min_Ic,rms_Ic,skew_Ic,kurtosis_Ic,energy_Ic,condition
-0.00040023593039139493,2.2684806448167985,3.20873904015662,-3.20850365975975,2.268480680124307,0.000383994335805266,-1.4999091349737093,514.6004596097238,0.001453206527424662,1.7972982474730939,2.54448915161358,-2.5437542557088,1.797298834968483,-0.0007745475378104235,-1.4997459679659704,323.02831021790666,-0.0015175922752298531,2.142333554355791,3.04589086431382,-3.04356337442928,2.1423340918738676,-0.000446653885531484,-1.5001144942850635,458.95953612050295,ITSC_C10
-0.00130971910380695,2.2640466698716053,3.19894041256543,-3.19899336308552,2.2640470486985986,0.0011755135318911186,-1.4998086736787302,512.5909038720835,0.001209370196216617,1.7914278025172679,2.54469554992452,-2.53600522041111,1.791428210732464,-0.00038589135614768136,-1.4998501438026006,320.92150342081175,-4.5079355639878745e-05,2.1341791566000037,3.01900793247185,-3.02617335599098,2.1341791570761,0.0011794113331829311,-1.500526922247487,455.4720674498053,ITSC_C10
-0.00035943945754440376,2.254132280325274,3.19873851461294,-3.19484856823736,2.254132308983025,0.0012362063842706167,-1.4996782574121423,508.1112466401144,0.0018392553168932802,1.7868858455074035,2.53535737491222,-2.53083759372854,1.7868867920869609,-0.0012133599060771792,-1.4993957849203123,319.29644077348297,-0.0010122989190959174,2.1386163840446857,3.02902627381948,-3.02711483376151,2.1386166236269344,0.00046461867404960186,-1.5004618448765286,457.3681062853468,ITSC_C10
-0.0025867297928950507,2.2743608011527385,3.22219946327884,-3.23366951115467,2.2743622721526027,0.0006851783725774005,-1.4999365021356141,517.272374499115,0.0006717691951297056,1.7892186785527415,2.5306968540927,-2.53193969743107,1.789218804661931,-0.00040191953413165827,-1.4998566341259836,320.13039309558695,-0.0005838126523961851,2.1297095179667918,3.01079606044848,-3.01658044942988,2.129709597986438,0.0011468302207748692,-1.5005053109455861,453.56629717555575,ITSC_C10
0.0006223150616470497,2.2690673756194597,3.23072271814757,-3.2179237418256,2.26906746095761,0.0009308986001366961,-1.4996714032567457,514.8667142376615,0.0018799855586388503,1.7957250243435394,2.54257020121205,-2.54144571093079,1.7957260084431887,-0.0009911058752469185,-1.4996416378509945,322.46318973993067,-0.00014987453633099167,2.1360939311283,3.02201075443842,-3.02429383110158,2.136093936386116,-0.00012850152608622232,-1.5000315028466054,456.28973050655327,ITSC_C10
-0.001617769175527921,2.251854179532868,3.19200230148997,-3.18858212680207,2.2518547606488197,0.002255505422504901,-1.4997859773232098,507.0849863056752,0.0005001852286097419,1.7929189760419562,2.54747427031835,-2.53624365017822,1.792919045812331,-0.00040968130084839254,-1.4997911101289474,321.45587048365996,-0.0004823962079276489,2.139471170324194,3.03344064809952,-3.04287904002114,2.139471224708217,0.0027551316404331406,-1.5005711332127143,457.7337121354478,ITSC_C10
-0.0007674220174563118,2.257215214257276,3.19223800600263,-3.200417968814,2.257215344713719,-0.00022296443324957885,-1.5000866503943984,509.50211124110723,0.001910278695648402,1.8041858939546613,2.5590790799733,-2.55740835132727,1.8041869052594512,-0.0009330558982681287,-1.4996459479032516,325.5090389109676,-0.0008756170439858635,2.1618116848789692,3.06446014175341,-3.06449379087243,2.1618118622082854,-0.00039292450707694625,-1.4999640356974417,467.3430527584454,ITSC_C10
-0.0011178254380062346,2.2619398315302135,3.20253843973784,-3.19855587093308,2.2619401077386287,0.0014594626261779226,-1.499975988525879,511.63730509966393,0.0010021623130971457,1.7961458915266006,2.54461885802082,-2.54353969613766,1.7961461711055666,-0.0005645656885369112,-1.4997800420219636,322.61410679771876,-0.0007028966596055386,2.1317078663871003,3.01151697155139,-3.016646540513,2.1317079822715765,0.0006042809345916995,-1.5002458159516252,454.4178921680357,ITSC_C10
-0.000500130771600511,2.2649725141657253,3.19982192219603,-3.2017627993326,2.2649725693829046,0.0007673916136602606,-1.5000012694880107,513.0100740056996,0.0008476701627256223,1.790655339972202,2.53349722418793,-2.536856305408,1.7906555406095463,-0.0005244589237313713,-1.4998001049100864,320.64472651156666,-0.0006310129908784434,2.136124576565977,3.01932912223434,-3.01856024639752,2.136124669766858,0.0008677647618001091,-1.5002085394103843,456.30286047865684,ITSC_C10
-0.0008807385503696641,2.250437057990831,3.18173948066654,-3.1931364832521,2.250437230335212,0.0007279902002735659,-1.5000764442750525,506.44677276788195,0.0027732807784824278,1.7995124576761121,2.54822145493898,-2.54606917959438,1.7995145946665165,-0.0014379525844390262,-1.4994614236846129,323.82527764177973,-0.0011374106615458168,2.1336237771032134,3.01871388721058,-3.02001406086197,2.13362408027356,0.0010765709255166778,-1.5002754598145187,455.23517159231955,ITSC_C10
-1.409378072001921e-05,2.205822763655722,3.12026204718228,-3.12140474393711,2.2058227637007475,0.0003075307973583103,-1.4999138391568938,486.5654064860404,-0.001239455079952112,1.8675674869297534,2.63736734329473,-2.64239418493642,1.867567898226463,0.0007379540390603357,-1.5002876371123055,348.78098544860086,0.0003303643185470695,2.061824431554686,2.9181322654198,-2.9172762216692,2.061824458021678,-0.0005703501150723457,-1.4996993649593118,425.1120095696387,ITSC_C10
0.0006515366950155511,2.1975821126643296,3.10729189754356,-3.10787342977505,2.1975822092477637,-0.0008105716977578962,-1.5001292613956967,482.9367566402283,-0.0006809763159871407,1.866180382660318,2.63761836055927,-2.63555669153462,1.8661805069057373,0.0003519765002090046,-1.5001056280507792,348.26296843549545,0.0006839083180093519,2.06697294867237,2.9265281937212,-2.9291337425375,2.066973061816225,-0.0002493723220739285,-1.499673665136072,427.2377638273939,ITSC_C10
0.0014749010414137253,2.2042921502476913,3.11277639802291,-3.11359342548517,2.204292643678845,-0.0015379034536696977,-1.5002267610840478,485.89060589766717,-2.1801916729211612e-05,1.855800070130923,2.62863843728505,-2.62855417660531,1.8558000702589874,0.00018040769482611198,-1.5000942393385321,344.39939007732625,-0.0004802940583867876,2.0574743612836928,2.92545882868243,-2.91540543046098,2.0574744173432924,-0.001301104682146059,-1.4994511204300005,423.320097802212,ITSC_C10
0.0003337373711095193,2.191797402629841,3.10509711298768,-3.10787663726111,2.1917974280383556,0.0006770513076095695,-1.4997277960895052,480.3975965555551,-0.0014968071818643347,1.8604836311588882,2.63862335537133,-2.64827079500065,1.860484233268829,0.0005044071288533667,-1.4999368308717096,346.1401582241902,2.825625443632518e-05,2.0392156655511062,2.88342001378079,-2.87983277985272,2.0392156657468714,-0.0003195825082293535,-1.4999123270055204,415.8400531427456,ITSC_C10
-6.405025873173375e-05,2.1884078082447265,3.09949064775555,-3.09246168243564,2.188407809182037,-0.0006374090787585419,-1.5001720438807549,478.91287392889234,-0.0003444067834658426,1.8686377551711832,2.65152689715433,-2.6458725913703,1.8686377869098205,0.0005322575876235915,-1.500211715328191,349.18071786672317,0.000229471861201056,2.041823796020815,2.88614708861768,-2.89030282886628,2.0418238089154963,0.000287249627506225,-1.499978410892901,416.9044466654186,ITSC_C10
0.0005487470154111151,2.19913903297764,3.11030755388159,-3.10944902458589,2.199139101441543,-0.0003108002014777334,-1.5000115235413718,483.62127874891166,-0.0014386800611194506,1.8523643476521152,2.62309606788617,-2.63211618818926,1.8523649063435,0.0005942793873403824,-1.500138486895114,343.12557462529634,0.0007829525661954273,2.0534266711742326,2.90229809629855,-2.90284384522081,2.053426820440507,-0.0005809450718106687,-1.4994324373020174,421.656170690441,ITSC_C10
0.0016197223868449483,2.180913579885249,3.08714930430216,-3.09240679709182,2.18091418135343,-0.0008754475066855035,-1.5000860858999556,475.63866664285024,0.0005522170717812713,1.8655458356026817,2.63955675420258,-2.6404952057279,1.8655459173331015,-0.000300732587514966,-1.499863235156368,348.0261569678203,-0.0001934412118369,2.046614788471291,2.89598914974848,-2.89699930868384,2.046614797613095,-0.0006474815279740207,-1.499679732634762,418.863212980889,ITSC_C10
0.00042983004367962206,2.185377381968462,3.09449399238378,-3.0938411819605,2.185377424238933,-0.0008873528850975423,-1.5002259127462785,477.58744863731954,-0.0006501561542431888,1.8577285852374783,2.63088498956933,-2.6258759060931,1.8577286990062538,0.0005029049433321756,-1.5002339374115963,345.11559191114685,-0.0002892233433749558,2.0379711574782813,2.88173533830322,-2.8843379629972,2.0379711780011776,-0.0002841956176363127,-1.4999351954855746,415.3326522363508,ITSC_C10
-0.00013945824619162383,2.181885661281411,3.08769539990107,-3.09200450352531,2.181885665738244,0.000683552252614592,-1.4997726648359992,476.0625058354021,-0.0014958842094621083,1.8634510550035925,2.64393626439724,-2.65391496660946,1.863451655413569,0.00044589196864377296,-1.4999124808617539,347.24520720635707,0.0011059929811805258,2.0415684211674563,2.90670706781223,-2.89388433877386,2.041568720746048,0.0003077768098984553,-1.4996736567234092,416.80028415286546,ITSC_C10
0.0004135979792463074,2.1822238229619226,3.0954089243504,-3.08778689787015,2.182223862156639,-0.0011137531577447052,-1.500316754324939,476.21009845658375,0.00011137885930634361,1.870324209881567,2.65606713464896,-2.64864159719062,1.8703242131979037,0.0003742213796275552,-1.5001805653849083,349.8112662474357,0.00011594164388619932,2.0635577516286867,2.91944947947992,-2.91844913620351,2.063557754885796,-4.6990726068615274e-05,-1.4998630962725161,425.8270607749306,ITSC_C10
-0.0006666288894654948,2.230664285648155,3.15791613081702,-3.15660293761045,2.2306643852584074,-0.00010393402569660387,-1.5000338012031924,497.586359966027,-0.0032216962714400354,1.8838614741537936,2.67766170472382,-2.67089990072251,1.8838642289527583,0.0015228667507954108,-1.5001377490813017,354.894443312777,-1.792798275048968e-05,2.070184380441041,2.94387597388883,-2.93150285376933,2.0701843805186697,-0.0012120801153503095,-1.499629558345464,428.5663369343469,ITSC_C10
0.0005588179824300487,2.2301757678868412,3.15203057606301,-3.15115819477814,2.230175837898707,-0.0004591595773634876,-1.5000470016907788,497.36842679471994,-0.0003272021177892448,1.879748984079862,2.65842123000981,-2.65709286647519,1.8797490125573946,0.0002480942761924298,-1.5001283923109934,353.34563502105,0.0006822913103598483,2.074770896379214,2.93701683175197,-2.93911270389131,2.0747710085654365,7.119036673538177e-05,-1.4996995081685285,430.4674737983639,ITSC_C10
0.0011625676475275548,2.209879595478181,3.13775174609895,-3.13538829292261,2.2098799012784256,9.527105804253787e-05,-1.4997873932319221,488.3569178074344,0.0005678516237439579,1.8845216650956798,2.66686623021354,-2.66621997590888,1.8845217506493415,-0.00038455637479871364,-1.4997962630560604,355.1422228670459,-4.5920259824443476e-05,2.0770993213956985,2.93827090871246,-2.93533774977702,2.0770993219032983,-0.00042248425213270446,-1.4998656756512083,431.4341593051142,ITSC_C10
-0.0005877389150484391,2.2115838707185165,3.13738596109951,-3.12914881519699,2.211583948815719,-0.000570909643696635,-1.500157881111632,489.11035626593286,2.1965833963335513e-05,1.880964401507955,2.66078857774266,-2.65957774719938,1.880964401636213,8.07996360132059e-05,-1.5000577314757415,353.80270802226767,-0.0006127627121748614,2.068015989822113,2.92577197663748,-2.92212746321682,2.068016080604325,0.0003506262087185381,-1.5003606864152117,427.66905096380754,ITSC_C10
-0.0008539364880859024,2.2202862446384475,3.13705551345577,-3.14024915595376,2.220286408853197,0.0011924349001123983,-1.4997629531621777,492.96717373382256,-0.0008270766293957266,1.880968497966972,2.65926380352117,-2.65867004853621,1.8809686798030099,0.00043145763321862266,-1.5001369266830002,353.8043174399878,0.0008522582319726601,2.0775848537900927,2.94258115833761,-2.95001213806469,2.0775850285950015,0.0004252804160292589,-1.4998205094615586,431.63595510420936,ITSC_C10
0.0007763866412316634,2.2238627429965594,3.14893495149868,-3.14422517094986,2.223862878521155,-0.0014640302849451903,-1.5002902018656044,494.55661024643973,0.0008717810557298522,1.873712350978021,2.65481814163727,-2.6488187464067,1.8737125537845425,-0.0002908653161979656,-1.4999347673255583,351.07987342097925,-0.0005464677518774174,2.081583895983895,2.95171083334462,-2.94731997448613,2.081583967714609,-0.0006575547307638677,-1.499771426783255,433.2991814646495,ITSC_C10
0.0002827802885994557,2.2224398470456146,3.14414766333156,-3.14929026341855,2.2224398650359087,0.0005337425221620365,-1.4997743041404763,493.92389537008285,-0.0008039972470803125,1.8721449534272876,2.65642676478667,-2.66887437867786,1.8721451260665756,8.006467691401883e-05,-1.4998109389808842,350.49273730548344,-0.0004060160036605831,2.056259479479558,2.91635172017408,-2.90814194835956,2.0562595195642355,-0.0005269651781578811,-1.4998767839984717,422.820321179854,ITSC_C10
-0.0008187503844187826,2.2189955762473192,3.14233193723635,-3.1380647936499,2.2189957272958782,6.283100998988737e-05,-1.5000523205490137,492.3942037757364,3.912049878908696e-05,1.8985972054998892,2.6850772214908,-2.68959034660259,1.898597205902927,6.231393195190252e-05,-1.4999733498774197,360.46713502624016,0.00039829716811344616,2.062624922958208,2.91781593961169,-2.92113769749684,2.062624961414214,0.0005259393392861334,-1.5001028933369898,425.4421731448988,ITSC_C10
0.0001983540199151812,2.232106573835714,3.15350073064334,-3.15408257411579,2.2321065826489845,-0.00016175341562149102,-1.5000094260198487,498.2299796304927,-0.00029463676677678576,1.881131843572953,2.66148552534254,-2.65723633106201,1.8811318666470465,0.0002320120992889786,-1.500126323674834,353.8657099715001,0.0002748765348030546,2.0696205571279,2.92444706805864,-2.92477713365916,2.069620575381755,-0.0002114051524059661,-1.49976937108978,428.33293260435073,ITSC_C10
0.0012531388746716643,2.2117809335060183,3.14100669184773,-3.14064742928867,2.2117812885043118,0.00016148053480691295,-1.4997385887193575,489.1976468177793,0.00033293030612757235,1.886748623132855,2.67179904467101,-2.67210869512273,1.8867486525068229,-0.00029136803346747724,-1.499806643991495,355.9820477736312,-1.0837354119721532e-05,2.071106625914916,2.92438890455137,-2.92550886525687,2.0711066259432696,0.00011157305335901082,-1.5001056216826598,428.9482656026115,ITSC_C10
0.0015001000304370705,2.260441264688633,3.19737238022027,-3.19583480663307,2.260441762445396,-0.002635682665980504,-1.500418679999696,510.95969614072476,0.00047299962412096887,1.9261948024095699,2.73176033349183,-2.73098729386128,1.926194860484859,6.44138999101874e-05,-1.5000625939189172,371.0226640558286,0.00041959309368097,2.111250072705228,2.99437189402873,-2.98847021273166,2.1112501144005167,-0.0014312114524825334,-1.499390235846405,445.7377045556195,ITSC_C10
0.000926196694665884,2.256270989396266,3.19148276228652,-3.19343704174678,2.256271179497607,-0.0002615673220788327,-1.4999500322061388,509.07596354315217,-0.0008836652756979024,1.9075858693381431,2.69494880356066,-2.69788649335469,1.9075860740115709,0.0004501523399164849,-1.5001773774321097,363.8884629762878,-2.1052907635346063e-05,2.093325587852589,2.9685521991708,-2.95999067133213,2.0933255879584554,-0.0010514097935126802,-1.4994718521859385,438.20120172016124,ITSC_C10
0.00011043237348021151,2.244298305260973,3.17109639722524,-3.17442172100341,2.2442983079779264,3.3613074784512016e-05,-1.4999860381671162,503.68748951925835,-0.0010499271702514657,1.9218975316733817,2.72546383074232,-2.72755085939319,1.9218978184594777,0.00035141553465068695,-1.4999469211135552,369.36912245993,0.000374837875759455,2.0881150777993036,2.95391866656845,-2.9523157022236,2.088115111442907,-7.806821458726607e-05,-1.4998522358937842,436.02247186362246,ITSC_C10
-9.130454386041987e-05,2.2575325219233098,3.20399492241401,-3.19500868093568,2.257532523769689,-0.0010933736120083777,-1.5002855806133368,509.64530958779403,-0.0011078493505538045,1.9222440143395592,2.72355456335836,-2.71696428826344,1.922244333583649,0.0007817480354668526,-1.5003345944780901,369.5023277994447,0.0005723369241102127,2.0997915933981424,2.97216321618759,-2.968781767421,2.099791671398633,-6.222161740994835e-06,-1.4997413173661078,440.9125063275065,ITSC_C10
0.0008751559765529371,2.2684554545067,3.21256504128303,-3.21057443910764,2.2684556233215543,-0.00022184726875757054,-1.4999420232344673,514.5890914979182,-0.001040480107747337,1.9182791443615939,2.71536652415638,-2.7207509972103,1.9182794265412697,0.0004139179922341954,-1.500092169613508,367.9795958291503,0.0003024203227880906,2.105171570562889,2.97724880085972,-2.97632624194329,2.1051715922851213,-0.0007029555731842018,-1.4994911807484088,443.1747432964272,ITSC_C10
0.0020145337732341106,2.2420393270085266,3.1718675256834,-3.18434225152459,2.2420402320652433,-0.0008390562000714621,-1.500040498660604,502.6744402199171,-0.0003316977109805741,1.9267592016039872,2.72518863594162,-2.72574023379235,1.9267592301553937,0.0001753107902540701,-1.5000492616157093,371.2401130989005,-0.0003256389021012307,2.0930936434531398,2.96011376521878,-2.96522196302856,2.093093668784231,-0.0006232158868320828,-1.499668647011333,438.10411063046337,ITSC_C10
0.000847390663732559,2.2411993456990857,3.17263521052591,-3.17155679809762,2.2411995058969976,-0.0011484327644009315,-1.5003106443800684,502.2975225232946,-0.0006078186469746293,1.9205176158550405,2.72100472113316,-2.71571030722949,1.9205177120383548,0.0005067355956088128,-1.500241609653424,368.8388282253037,0.0002964872635752536,2.0834544433651323,2.94685108042312,-2.94681575632669,2.0834544644610333,-0.0006344803006100388,-1.4994262203827686,434.07825054826117,ITSC_C10
-3.05199416214208e-05,2.236716503954727,3.16486779359255,-3.17024672850999,2.2367165041629486,0.0005745103051823789,-1.4997773070798461,500.2900719994923,-0.0015161476822950703,1.9253580976667777,2.72958722811461,-2.73992104087198,1.9253586946215573,0.0003962811479291501,-1.4998993694062501,370.7006102954827,0.0005873051764811476,2.0867064391709,2.96429172427278,-2.95528598334471,2.086706521819652,0.00021845143979622525,-1.4999001661883542,435.43441082046684,ITSC_C10
0.000582213928673021,2.240079760046412,3.1749672182445,-3.17035054159277,2.2400798357073457,-0.0012325750998877433,-1.50037719234367,501.79576703426494,-0.0009961892060102561,1.9407737330583776,2.74715251573706,-2.74710860611316,1.9407739887277666,0.0008574648336087894,-1.5003668843497615,376.6603675322285,0.00021269429570123233,2.100427379066923,2.97220953329985,-2.97134972200569,2.1004273898358896,-0.00012313924843814804,-1.499747010386246,441.17952199728074,ITSC_C10
0.0016694938912816704,2.240798808210431,3.17266085894391,-3.17613588633639,2.240799430133616,-0.0005666923393488115,-1.4999895999649244,502.1182086087138,-0.0004616592978505274,1.9192309852094167,2.7150275970967,-2.71288687539993,1.919231040734079,0.00029861126273710925,-1.5001563996315308,368.3447787717216,0.00023782609956262579,2.098110162301521,2.96799408367177,-2.96900028282034,2.098110175780616,-0.0005563633167153488,-1.499409141656257,440.20663097141664,ITSC_C10
0.0009019193084648003,2.251173049531822,3.20762740009616,-3.21117282861301,2.2511732302061613,0.0013137751953354799,-1.4992472424823542,506.7780912396842,0.0013372073808745632,1.9040647828217958,2.70059093351626,-2.69615131608878,1.904065252376029,-0.0008297878968737142,-1.4995509083098901,362.54644853057914,-0.001430151086329685,2.102069920384685,2.97965792504462,-2.9822437552177,2.102070406888933,0.00036361622847533813,-1.5006527969014032,441.86999955182046,ITSC_C10
-0.002459164924344519,2.249962983382221,3.18721499057746,-3.19213675809682,2.2499643272910683,0.0009855834279477453,-1.4998891168416268,506.233947408235,0.0007812942583584581,1.8909470142246598,2.67459182086599,-2.68211561354005,1.89094717563074,-0.00040562761632184993,-1.499842031881116,357.5681221025873,-0.0004994093458548154,2.084391714247232,2.9469779905827,-2.94946229991677,2.0843917740751636,0.0007567348714966635,-1.500436036142661,434.46890678322075,ITSC_C10
-5.092071249301888e-05,2.2534794189450187,3.19289615853229,-3.18767904578933,2.253479419520333,0.0006468114797322106,-1.4998566572819272,507.8169494201698,0.0016876354848177177,1.9034410819209857,2.69610899082162,-2.69319314219983,1.9034418300694302,-0.0008420118239358325,-1.4996530702642046,362.3090800458062,-0.0007693604845672586,2.0822040380245643,2.94936961963287,-2.94706107372362,2.08220418016134,0.0002034038812716403,-1.5002317185838983,433.5574247881358,ITSC_C10
-0.0011164619356705474,2.23754189482251,3.17886061353055,-3.17106188997703,2.2375421733619154,0.0021953915305760368,-1.4995993999198975,500.6594977573164,0.0005054421837966006,1.9071447230235439,2.71040827156919,-2.70518670655448,1.9071447900011027,-0.00037797134146085997,-1.4997101994175024,363.720125002835,-0.00025231709383183087,2.0711534816728374,2.92967130812112,-2.93576947231489,2.0711534970420304,0.0009510237413403443,-1.5004164751298679,428.9676808309432,ITSC_C10
-0.0008293167983085103,2.2464789891012265,3.18307675526483,-3.18940244767287,2.246479142177737,-0.0003973088866645121,-1.5000807474587563,504.6668536239621,0.0019094297714564367,1.8997905673672815,2.68728563728199,-2.70227384092854,1.8997915269259809,-0.0009195952167786488,-1.4996410220906589,360.920784577975,-0.0003736168131966533,2.0965324610440725,2.97090670901107,-2.96958949890761,2.0965324943346424,0.0008781786522763647,-1.500243363759343,439.54484998010383,ITSC_C10
-0.0017466533069783608,2.251475130630938,3.18533905210096,-3.18666468515756,2.251475808141712,0.001350165385231082,-1.4999912406484082,506.9143314647374,0.0010970257258905436,1.9024634951613735,2.69331361049052,-2.69399609399637,1.902463811452684,-0.000553739172525144,-1.4997795350113132,361.9368553887074,-0.00022470709946986078,2.0875372338758185,2.9495251708538,-2.9580439710228,2.0875372459698016,0.0008043689570931891,-1.5002509393247945,435.7811753311185,ITSC_C10
-5.643598142858197e-05,2.2609052596964427,3.20019083836089,-3.20608524298343,2.2609052604008113,0.001203707962655266,-1.4997794940594182,511.169259650806,0.0011424298436956404,1.900932092236873,2.68824775689045,-2.68854061677631,1.900932435527892,-0.0005882977074249455,-1.4997991752764352,361.3544124442003,-0.00045698454881784036,2.096504869304922,2.96176121083068,-2.96012736983852,2.0965049191104055,0.0006032023492547806,-1.5001863121311907,439.53328758541284,ITSC_C10
-0.0007458808771425351,2.2377917971428283,3.16387978571813,-3.1772469234864,2.237791921448018,2.4077288484753017e-05,-1.5000462932966199,500.7712683698012,0.0012437363429620607,1.899434523214966,2.68416971319811,-2.68436071669515,1.8994349304098195,-0.0006468302410243878,-1.4997784118912088,360.7853054860956,-0.001224603848493786,2.0924335336651816,2.95998595825212,-2.95930321318792,2.092433892016936,0.0007567119906202205,-1.500338993594074,437.82795924611435,ITSC_C10
-0.0017668588074620617,2.267564572653315,3.20697603972622,-3.20793217113944,2.2675652610106853,0.0015382393499062742,-1.500130574784149,514.1852212942457,0.00129270316716378,1.900847220665428,2.6837741960953,-2.68496524834313,1.9008476602276576,-0.000666361554129699,-1.4997735322260826,361.32218273929607,-0.00015427137646517597,2.0967690862782504,2.9768881161517,-2.96753879607432,2.0967690919535675,0.0014604796309754206,-1.5000901422910446,439.6440624971787,ITSC_C10
0.0002808120448110341,2.254756037195421,3.19104948025681,-3.18630422378591,2.2547560546818817,0.000561167794826753,-1.4999059529531755,508.39248661246035,0.0015541370477675765,1.9040564649042107,2.69156672795023,-2.69259860870187,1.904057099166273,-0.0007910445454341444,-1.499730093586555,362.54334368854825,-0.0013029761143345064,2.082831682024932,2.95637993221583,-2.97273958906972,2.08283208958225,-0.0004735847116092575,-1.5000246152103758,433.81895133935615,ITSC_C10
0.0007038345338263174,2.5962108017857823,3.68659335494866,-3.67169274777672,2.5962108971907942,0.0006308539288484112,-1.4998128485964297,674.0311022692229,-0.001156625215474767,1.791850806671973,2.56610467718697,-2.56531670617469,1.7918511799680492,0.00013639940149495967,-1.4994161633647685,321.07306511528907,-0.002534976234587185,2.4855540610124707,3.53256599958011,-3.54918092437858,2.485555353702688,-0.0005319262465962065,-1.5001001199510442,617.7985416320095,ITSC_C20
-0.0005887374591796579,2.584506632958767,3.65759565768461,-3.66014870281981,2.584506700014465,0.0002966436514510044,-1.5000727673084293,667.9674882419657,0.0023131533304368503,1.8091386457188219,2.56990984725187,-2.57614347104631,1.8091401245098908,-0.0009313947618104459,-1.4995055567106501,327.2987990111663,0.0004250658064610735,2.4691207294800126,3.50040042882764,-3.49738410201029,2.4691207660681256,0.0005522882962610736,-1.500231099954545,609.6557357428846,ITSC_C20
-0.0006496951601079237,2.587345694196488,3.6587328626377,-3.66268973759435,2.587345775767303,0.0005248540378491093,-1.5001053191676856,669.4358163380907,-0.0003765617368519081,1.8012027192770013,2.58286551579352,-2.57184097866221,1.801202758639239,-0.00016304494993813246,-1.499321772481235,324.4331377729605,-0.00030638931817746686,2.4774166833092854,3.50389619774084,-3.49935273129106,2.4774167022553133,0.0006498097416154366,-1.5004816074835863,613.7593516613592,ITSC_C20
0.00018837893113903047,2.5892815943681775,3.66694316869791,-3.66593056356455,2.5892816012207773,0.0004408464673815531,-1.4999923473258663,670.4379210420433,0.0014021727836142394,1.8037411041462867,2.56441376824873,-2.58614214436514,1.8037416491491738,-0.0004250453340238377,-1.4992578899984357,325.34839368753813,-5.529725698372401e-05,2.486480195066531,3.51423193045668,-3.5134847551878,2.486480195681414,0.0001408634344076349,-1.5000910404608927,618.2583763515883,ITSC_C20
0.00048318496535914023,2.570451577137084,3.64019487932673,-3.63512956832444,2.5704516225508374,0.00024935317770632276,-1.4999248556775089,660.7221543874233,-7.296707306143624e-05,1.7994241878331005,2.56627111515298,-2.56193841316342,1.7994241893125165,-0.00010107927615440819,-1.4995032209597683,323.7927413083007,-0.0011659096188473116,2.4687498395349468,3.4981194329627,-3.49775423676366,2.468750114845378,-5.691304839594679e-05,-1.5002711186009865,609.4727129549067,ITSC_C20
-0.0003897483974665872,2.564148890596962,3.62690182604449,-3.63110359832036,2.5641489202176704,0.00018679034074023924,-1.5000565418053466,657.4859685053444,0.0008648679040400298,1.8015786942196756,2.54587865213393,-2.55657663583375,1.801578901814395,-0.00047595861440685575,-1.4998288383038165,324.5686539462762,0.0004587488790593319,2.4738937211182033,3.50504706316591,-3.51274216802144,2.4738937636524736,0.0011228371461360243,-1.5003165846968767,612.0150353838602,ITSC_C20
-0.0008148429936508572,2.571581400987046,3.63627084905864,-3.64012618105745,2.5715815300844733,0.0004665008325810515,-1.5001680329818234,661.3031565871601,7.472913458037578e-05,1.8046634595025572,2.55491016341507,-2.55227909700964,1.8046634610497827,-4.927229225615763e-05,-1.4999666251180046,325.6810207648181,-0.0006827250908379368,2.482606169791033,3.51440102924006,-3.50931261401097,2.4826062636668857,0.0003514614041455124,-1.5003422408250149,616.3333860398054,ITSC_C20
-4.789479831530885e-05,2.5764297202495166,3.644839341333,-3.64631359633861,2.5764297206946893,0.00046113066762036494,-1.5000323171521242,663.7990105678915,0.0018152382639407127,1.801184717615743,2.55303674086157,-2.55686691968199,1.8011856323162412,-0.0009067387400784479,-1.4996378585502792,324.42696820624576,-0.0006931961069485815,2.4775530734788487,3.50706913055799,-3.50762752502603,2.4775531704537306,0.00012366168461973973,-1.5001834036121235,613.8269712425332,ITSC_C20
-0.00012525188897134388,2.5618993144973343,3.62140966930236,-3.61999093414141,2.5618993175591322,0.00043355020622111304,-1.500064235151918,656.3328113309947,-0.0006680684791726765,1.7949034391903145,2.55173190994101,-2.54148076717708,1.7949035635188628,0.0002721919772158558,-1.4999960721221781,322.1678802332712,-3.041284647867126e-05,2.4701023214922992,3.49294188515302,-3.4993864919702,2.4701023216795264,0.0005847814169215386,-1.5002272465442514,610.1405479566587,ITSC_C20
-0.0010743055178930017,2.561157614806935,3.61942600088117,-3.62505886735702,2.561157840121513,0.0007079855662355992,-1.5002790611581525,655.9529482015894,0.0011718223505422776,1.8030823639626068,2.55491015220982,-2.55703991106708,1.803082744745954,-0.0005368709355953713,-1.4997489571004892,325.11073844006035,0.0011721631634607531,2.5012315703221426,3.54806586524838,-3.56250671948907,2.5012318449801194,0.0011008063976926002,-1.4999279634005358,625.6160742342653,ITSC_C20
-0.009574243293941765,2.3078609182176772,3.50603306759609,-3.53736452774813,2.3078807776770427,-0.01334417569590426,-1.4816705969701216,532.6313683971191,-0.010213309512246353,1.8533544485239402,2.65946398730731,-2.62460569065335,1.8533825896329856,0.007549522247721681,-1.5026903194393557,343.5027023554672,0.017271198082054472,2.2172078116077096,3.31313754575005,-3.32815519317947,2.217275078590259,-0.00030395863719045356,-1.474676187076422,491.6308774137439,ITSC_C20
0.0009702190694544699,2.52232793752815,3.57880084407375,-3.57264584821692,2.5223281241266085,-0.00035682368136296744,-1.4999197676499143,636.2139165760055,-0.0009090385021005876,1.8409841975770211,2.60168974912807,-2.60293858975033,1.840984422008863,0.0004336439466805142,-1.5001033430906112,338.9223642079307,-0.0005136191205514106,2.362657914777751,3.35829407111369,-3.34882042955378,2.3626579706056803,-0.0003838727920619969,-1.4998899737816305,558.2152686066552,ITSC_C20
0.0006000299438180746,2.5127869476635776,3.55943150814666,-3.56407844756872,2.5127870193043367,-0.0011260207782458347,-1.50040440608509,631.4098604384374,-0.0013814557708703833,1.8407985350577323,2.60596619557088,-2.60126464309122,1.8407990534250989,0.0007953640150705644,-1.5002963465248236,338.854115509074,0.0005181028049548475,2.361297560371584,3.34578607513188,-3.34827186445706,2.3612976172112043,0.00025057548597628667,-1.4991604759780672,557.5726437047311,ITSC_C20
0.0015134691343591067,2.506637869812114,3.55810210471138,-3.5465693235618,2.506638326716687,-9.482322590597116e-05,-1.4998297155418814,628.3235700965034,-6.444943691624071e-05,1.8359176516948645,2.60074715631323,-2.60658410685229,1.8359176528261052,0.0007790837299022523,-1.5004301926663361,337.05936279585154,-0.000539655142147637,2.3568336683469844,3.3436261494904,-3.33503140524176,2.3568337301306546,-0.00019056251684146453,-1.4993797339675965,555.4665231481575,ITSC_C20
0.0009481629941567337,2.505354059906832,3.55014490340922,-3.5481438973687,2.5053542393251913,-0.0012034318275384998,-1.500443192419056,627.6799864504708,-0.0013823880423174417,1.8306466727382915,2.60712299232411,-2.59177294609146,1.8306471946840213,0.00010413714956158215,-1.4997109875387993,335.1269151404477,0.0002581348367960529,2.359267121592235,3.33922789898169,-3.33917751410252,2.3592671357139072,0.00023337804924797778,-1.4991666717932743,556.6141417659704,ITSC_C20
0.0020052948356997736,2.4950137089077753,3.53904162930756,-3.5277639014643,2.4950145147563987,-0.00065748782566165,-1.5000915643893504,622.5097428845108,-0.00031742514408196866,1.8422647313571043,2.61398100481718,-2.61649715740962,1.842264758703533,0.0010594054047058975,-1.5005171063989997,339.3939441160987,-0.000956720698644662,2.3481151893261525,3.33303442995633,-3.32439240206913,2.348115384230231,-0.00034382110758182183,-1.4994544448467695,551.3645857658687,ITSC_C20
0.0004610701244622017,2.4958016481720877,3.53390296479235,-3.53617860520383,2.4958016907607403,-0.0008475462044888665,-1.500362229727118,622.902607960417,-0.001442094223593795,1.8215485289693827,2.57691385113048,-2.57674790232429,1.8215490998121,0.0011130434399302099,-1.500505606641703,331.8041123026272,0.00037645368921094044,2.3450711208918955,3.32429840099142,-3.32154002605479,2.3450711511079043,0.00048133838692098954,-1.4988079748491692,549.9358703758551,ITSC_C20
0.001812039631536826,2.496144246420733,3.53372604008472,-3.52791547022033,2.4961449041325614,-0.0009004645535349045,-1.500276311852732,623.0739382426955,0.0003399894578447382,1.8228443472511902,2.58011617774469,-2.5795208213733,1.8228443789579103,-6.955608909969024e-05,-1.5000052413929208,332.276162989845,-0.0004289075023371064,2.3430588617842556,3.31121214975491,-3.31859237842498,2.343058901040983,-0.00019173360784379345,-1.4999153399482885,548.9925013747378,ITSC_C20
0.001236980638172449,2.4972020289422714,3.52778704380409,-3.5291841647726,2.4972023353093546,-0.0010024972506970597,-1.5003894365736021,623.6019503474495,-0.002807942619129551,1.8263268594090956,2.59192261774101,-2.59122879115808,1.826329017986858,0.0014485388828791538,-1.5003853266264415,333.54776819408414,5.364240634964823e-05,2.3469109173725275,3.32089928571373,-3.32189340808116,2.346910917985569,0.0002212117198766322,-1.4994546377229976,550.7990856959866,ITSC_C20
0.0011859787398550913,2.4791211212847606,3.52176408398764,-3.50778185212088,2.479121404963012,-8.125063033752633e-06,-1.499840716154904,614.604294054578,-0.00047197678063179535,1.8286041765005774,2.59147511938101,-2.59426154673482,1.828604237410992,0.0013464975077956021,-1.5006532957683107,334.3793457077436,-0.0003685878469803894,2.3378522432708864,3.30578763416124,-3.30901590582254,2.337852272326829,3.2976919708405304e-05,-1.4995183608600733,546.5553247223717,ITSC_C20
-0.0003429834224480666,2.5654801289865166,3.63902776996541,-3.62885110039681,2.565480151913536,0.0008841276340878491,-1.5000352617643797,658.1688409862301,0.002120505414990883,1.8619504604376058,2.64017653508173,-2.65529393324918,1.8619516679191828,-0.0009555932037425286,-1.4995217275206667,346.6864013667026,-0.001185306393262293,2.406905036269803,3.40180807098107,-3.41387178693194,2.4069053281282557,0.00044187004388146776,-1.5006772516524518,579.3193258572187,ITSC_C20
0.00026417527153435263,2.547076543036498,3.61184720145682,-3.60249210073001,2.5470765567362386,0.0006816553744947843,-1.4999579669430303,648.7598985875333,0.0004670331479185652,1.863465052016837,2.64014773531087,-2.64316255439217,1.8634651105422055,-0.00020492959279228947,-1.4998523189141795,347.25022182080744,-0.0007599774631751743,2.3900579451225092,3.38284840940865,-3.38510199416887,2.3900580659492308,-0.00026077909698421704,-1.5000255588189948,571.2377558608978,ITSC_C20
-0.0006934188843883549,2.5422657717470543,3.59651451688906,-3.59768099875755,2.5422658663142212,0.00042608209183179335,-1.5001177002834831,646.3115735026397,0.0014668999931203386,1.8489893709475198,2.614493892767,-2.62354247038281,1.848989952831679,-0.0007850396133519232,-1.499725995656573,341.8763845672495,-0.0004109668229382235,2.3791121127804624,3.35927492646564,-3.35935819258503,2.37911214827558,0.00034988740000805945,-1.5003736391012346,566.0174614072445,ITSC_C20
-0.0007870460911159127,2.550164543423004,3.60943654705567,-3.61185120918624,2.5501646648742917,0.0002535815450801026,-1.5001212649026057,650.3339817973408,-0.0008416407579236296,1.8618949974978802,2.64907124543153,-2.64260174807576,1.8618951877231964,0.00040188736274213074,-1.499937045033347,346.66536900667967,3.5350150230410996e-05,2.384486496418611,3.37277764763214,-3.38115327124931,2.3844864966806454,0.000993855482473053,-1.5003858708550375,568.5775852852337,ITSC_C20
-0.00012697380306781025,2.54802615409683,3.60940740332928,-3.60242358328916,2.548026157260523,0.000981912001370106,-1.500112680918726,649.2437298083828,0.0021836118328518415,1.8539635062927158,2.62962848126556,-2.64045461401514,1.8539647922292966,-0.001160349301882145,-1.499488599505298,343.71854508258184,-0.0006186989395375409,2.394397747071817,3.38516007764524,-3.38407644903385,2.3943978270059825,0.0007690312130978021,-1.5005075599051059,573.3140953970972,ITSC_C20
8.629827323812456e-05,2.5321941980669216,3.58444405665267,-3.57903963040618,2.5321941995374626,0.0006959430523269647,-1.5000561619366488,641.200746417117,0.00024598149997756113,1.8652254816425975,2.64212581503329,-2.64480094473944,1.8652254978623253,-2.436911975374495e-05,-1.4999093698476094,347.9066157875759,-7.069015157933345e-05,2.4006484689681558,3.39793944764913,-3.39554050703372,2.400648470008936,0.000314089559075528,-1.5001271460825616,576.3113076556247,ITSC_C20
-0.0007013416424814634,2.5293093112820224,3.57539092701188,-3.57738174605323,2.529309408518072,0.00021806015831169284,-1.500144682626922,639.7406084018038,0.0009138599854047014,1.8548755561593966,2.62574050667936,-2.62368302016447,1.8548757812796262,-0.0005609485265978484,-1.4997962369346187,344.05641639777036,-0.0007876852695970826,2.3927242179698243,3.38882100495216,-3.38276451402994,2.392724347622891,0.0005101387713166237,-1.5003397741140794,572.5129803707391,ITSC_C20
-0.0004459473479471576,2.534721679617928,3.57900379127859,-3.57761196609594,2.534721718846897,0.000425676358227996,-1.5001413560749797,642.4814191994167,0.0013286829374306519,1.865465766158875,2.63557259963662,-2.63910490886839,1.8654662393377872,-0.000668726681586673,-1.49976706081681,347.99642901090664,-1.4031520285504583e-05,2.3988008058586323,3.39471271391987,-3.3968031152241,2.398800805899671,0.0006121737993705741,-1.5001778235485015,575.4245306384911,ITSC_C20
-0.0003139338334058916,2.53100606975643,3.57677997985253,-3.57917527475627,2.531006089225852,0.0007554294500707095,-1.5002299615052195,640.5991823698342,0.0012485639299528418,1.866635044167202,2.64126999737118,-2.63967079416125,1.8666354617399132,-0.0006849563095393182,-1.4997645412507492,348.4327947024979,-0.0007061922711293889,2.3982109237331106,3.39608864552565,-3.39274216397626,2.398211027708017,0.00027390061051291604,-1.500222178836789,575.1416133420344,ITSC_C20
-0.0005259388918782926,2.53133231740872,3.57756397898422,-3.57918769094165,2.531332372046295,0.0003989214291831612,-1.5001611806836679,640.7643577769522,0.0005921083769553936,1.8770201035568967,2.66038724779911,-2.65586582827796,1.8770201969475642,-0.00020791670144635596,-1.4998957823248158,352.3204819749073,-0.0011250654314235485,2.384315310632519,3.38088183503525,-3.37484432749943,2.3843155760697594,0.0001695726762118362,-1.5002386120845728,568.4960766288868,ITSC_C20
-1.5893009742332655e-05,2.5496503077151567,3.60153860792398,-3.6054956623075,2.5496503077646904,1.5219015553250792e-06,-1.500017525749355,650.0716691884581,0.00032544580625521125,1.9091685544889003,2.71517250270617,-2.71388524688609,1.909168582227408,-0.00017592832248710768,-1.4997628521135442,364.49246753642115,-0.0005484028113054795,2.4063396543651714,3.40915508554195,-3.40261121465051,2.406339716855443,0.0001664186623275993,-1.5001682406885288,579.0470832915935,ITSC_C20
0.0005231010073709441,2.548668291141324,3.60826002310461,-3.60605214201289,2.548668344823214,0.00023218157627400023,-1.4999057148518882,649.5710331903902,0.0005899621990828718,1.9069118175860393,2.70273337519247,-2.70486099855442,1.9069119088475712,-0.0002896960549348635,-1.499810807716163,363.63130281046875,-9.042436003484865e-05,2.4048684032504406,3.402742824327,-3.40098339971546,2.4048684049504434,9.152054011979072e-05,-1.5000310999690083,578.339204512889,ITSC_C20
-0.00033940246697705234,2.54812444397415,3.60449467080558,-3.60116921229995,2.548124466577841,-0.0001652006113270538,-1.5000016383404133,649.2938297172607,-0.00018192353004084172,1.907359924077842,2.70195756496212,-2.7001895613732,1.9073599327537536,0.00011182834684177481,-1.4999974163345167,363.80219130744035,0.00013225377796725502,2.4085093730046387,3.40836882509609,-3.40975128421511,2.4085093766357355,-0.0004469055829456737,-1.499817678579676,580.0917417342258,ITSC_C20
0.0006985446449529187,2.5376823361919203,3.59110979857398,-3.59268606262048,2.537682432335674,0.0002138181310453831,-1.4999103404026775,643.9832127385102,0.00040144844374321307,1.8896549294808374,2.6770651429966,-2.67220035762562,1.8896549721237688,-0.00028327703365038415,-1.4998851765040913,357.07959136720814,-0.00038730302508168226,2.393253661310297,3.39163737287735,-3.38357266062133,2.393253692649147,-0.0001226900515215447,-1.500049998898001,572.7663237378777,ITSC_C20
-0.00022541669089316653,2.5326810074805253,3.57721761317484,-3.57672951336527,2.5326810175119276,0.00017451349363814344,-1.500050171647626,641.4473136465253,-0.0003811790040256557,1.8989757840506916,2.68603045635365,-2.68381178369389,1.8989758223074804,0.0002773763568345886,-1.5000721149945484,360.61091737083717,2.9454870578764504e-05,2.394015554327838,3.38412675303073,-3.38884610814498,2.394015554509038,0.00043993305026542576,-1.50013477672582,573.1310475231215,ITSC_C20
-0.00046143176673314247,2.544073460935382,3.59947736673298,-3.60168688128386,2.544073502781515,-0.0004437485972425003,-1.4999775215610667,647.2309987555008,0.0001548344403107249,1.8900526958247479,2.67461072433522,-2.6737329861946,1.8900527021668208,-0.0001605397337480233,-1.4999347748030667,357.22992169681004,0.0002967694870729276,2.4116947522382146,3.41788377262002,-3.41231148242679,2.4116947704975997,0.0001638887248525404,-1.4999515207714393,581.627166604547,ITSC_C20
0.0001086899156343224,2.546134748878908,3.59858354942181,-3.59711236288424,2.5461347511987964,0.00016537851813777638,-1.4999997032583072,648.2802171262157,1.1065443791986595e-05,1.9133367457135835,2.70853205006257,-2.71074142438425,1.9133367457455812,8.403496971604734e-05,-1.499942097259874,366.08575026202914,-0.00010525814903607378,2.401153851302156,3.39947077205546,-3.39979546420032,2.40115385360923,7.809965309482811e-05,-1.5000266395109207,576.5539828702455,ITSC_C20
-0.00029390017403256976,2.547871503033501,3.59783485852095,-3.59911573247651,2.5478715199843776,0.0004505055156770638,-1.5001196369900263,649.1649282347502,-0.0007830848153953874,1.9035012927135884,2.70276562227342,-2.69665192812279,1.9035014537909158,0.00036350215266675796,-1.5000609879272866,362.331778458413,0.00022226680474185967,2.4105353835776366,3.40960853908107,-3.41247672023892,2.4105353938248486,-0.0003566585257491371,-1.4998265384524183,581.0680884882318,ITSC_C20
0.0006109383720124506,2.537381081682201,3.58229267652141,-3.58645334577762,2.537381155231596,-0.00029900915711279455,-1.49985176655494,643.8303126924428,0.0013927577804757041,1.8915413457187407,2.67746228012922,-2.67818840016806,1.8915418584682973,-0.0007703676172789545,-1.4997209123735011,357.79306023376995,-0.0008539242110703382,2.400021464842742,3.40149862530372,-3.39748682327211,2.400021616755245,0.00012694782761472304,-1.500237025364617,576.0103760892459,ITSC_C20
-0.00017159891140730354,2.532406277777497,3.57850328859166,-3.57770401192819,2.5324062835913717,0.00035022095627635687,-1.5000892586270747,641.3081585173062,-0.0003029614433611449,1.9056685112734837,2.69776140478067,-2.6987767482773,1.9056685353557505,0.00028676274309982785,-1.500038187721739,363.15725666449316,0.0005654958403687172,2.3980614821897777,3.39354787870358,-3.40394131963616,2.3980615488656203,0.00043705525197060594,-1.4999403531151994,575.0699192147779,ITSC_C20
0.002213285524127653,2.5590537961456223,3.63962961240021,-3.64244501816295,2.559054753263426,3.1461838466002496e-05,-1.4993882079219625,654.8761230200133,-0.0008346441073061995,1.8888491315058105,2.6698945631135,-2.66885838502941,1.8888493159119497,0.0004859336782121195,-1.500166469664353,356.775173822104,-0.0011998526201955162,2.4312843191981677,3.46885711971412,-3.44517622573493,2.4312846152651906,-0.0012882542856526198,-1.4995812720033432,591.1144880425205,ITSC_C20
0.0003894482742677718,2.5400287586918626,3.5985928750266,-3.61063721507737,2.540028788547815,-0.0015333257603363608,-1.4997175526015434,645.1746246651682,-0.0017477579705596957,1.8728956785314639,2.64928378385222,-2.65310696829351,1.872896494021962,0.0008922426075225171,-1.5002900200455647,350.7741277319757,0.0008284522778608538,2.410124248642737,3.40653664670189,-3.4096279147338,2.4101243910281673,-0.0007969595141291871,-1.4993812095114734,580.8699580228895,ITSC_C20
0.000986830502027718,2.5565593812992926,3.61723252729622,-3.61815657053228,2.5565595717572984,-0.0008723245167123697,-1.4997914302627025,653.599684394386,-0.0011601466915930247,1.871879734257312,2.64870715229544,-2.64738711141576,1.871880093772988,0.0005878568401216617,-1.5001927332595215,350.39350854635705,0.0004971235078321912,2.4089952184278216,3.40940858295476,-3.40660121851416,2.408995269721361,-0.0012559760505968932,-1.4991315436263601,580.3258209539891,ITSC_C20
0.0017342585271633282,2.546018590007264,3.60485066044296,-3.59976203687019,2.5460191806652235,-0.0013842978951698203,-1.4997501249946659,648.2213668315217,-0.0018967212276437184,1.8734732932708458,2.64926267474309,-2.64997570569719,1.8734742533994224,0.0009765849743551787,-1.5003403914098503,350.99057781505235,0.0007265438552211379,2.4081150289728095,3.41375746871071,-3.40787377083156,2.408115138574293,-0.0001349666191154311,-1.4996845021044458,579.9018520630686,ITSC_C20
0.0015804653311464788,2.543779984197066,3.60060891936443,-3.59942386151645,2.54378047517318,-0.0009317844243006703,-1.4997952736026547,647.0819105872289,-0.0023490574639129756,1.8865575879611325,2.66895773542883,-2.67270201870397,1.886559050431418,0.0012610462882686004,-1.5003371274272348,355.9105050764694,0.0005931121077890178,2.416117823221823,3.4194560962112,-3.41810962675521,2.4161178960208316,-0.0008504374249252747,-1.499133460268625,583.7625687472131,ITSC_C20
0.0008107015635007863,2.527884584340304,3.57066275364639,-3.58092848857928,2.527884714337736,-0.0011597235529401829,-1.4999977922254213,639.0201128982377,-0.0013983009148312853,1.8659436315942692,2.64190261753502,-2.64964707559602,1.865944155523594,0.0009358787551131299,-1.5003298610906404,348.1747591532659,0.0005580555825385192,2.4148240972476276,3.42255647442093,-3.41783949202483,2.414824161729763,-0.0002417694547225861,-1.499582473937498,583.1375732073852,ITSC_C20
0.0004220126931616353,2.5578753118104314,3.62048895445402,-3.62585554220491,2.557875346623448,-0.0016179750719803208,-1.5000600577805794,654.2726288864023,-0.000794448228928104,1.8634923303751751,2.63418836299862,-2.63702973248972,1.8634924997206428,0.00035113595762053314,-1.5000921726813299,347.260429651509,-0.00011822170252557385,2.415969324973537,3.42115527589757,-3.424371795129,2.415969327866035,-0.0008774009557061686,-1.49914801168138,583.690779318946,ITSC_C20
0.0016011707599587189,2.55510229520797,3.62477006010794,-3.61879075707276,2.5551027968997326,-0.0006832279539257096,-1.499905215988342,652.8550302724836,-0.0013363838936956318,1.875961638986568,2.65815013288735,-2.66080674459405,1.8759621149882215,0.0005444663856306885,-1.500067501504694,351.9233856871081,0.000392108785943841,2.396676197021977,3.389570482198,-3.38881162222947,2.396676229097503,-0.0006189249012382606,-1.4991725321310156,574.4056947121026,ITSC_C20
0.0011380313596006197,2.555219755689834,3.61553890689132,-3.6212920259267,2.55522000911526,-0.0016876513975630535,-1.5001654476059962,652.914929498299,-0.0028374282296499053,1.8930319614385038,2.68551843204005,-2.69217984027607,1.8930340879198841,0.0012386802571589643,-1.5002280388878284,358.35780580266675,0.0011804452740640258,2.4152716589362706,3.42304275675272,-3.41743053782792,2.4152719474029856,-1.3295412126214885e-05,-1.4991580508462954,583.353857991181,ITSC_C20
0.0011552069741822414,2.552127145711416,3.62177444627296,-3.61592006275152,2.5521274071605933,-0.0002083410043436031,-1.4998972402524144,651.3354302380252,-0.0009628033162449645,1.8948523041667638,2.68993797223169,-2.68064311226045,1.894852548774263,0.0010247917089222626,-1.5004546580150575,359.04661815963203,-0.000207504245099448,2.4171607636436434,3.42369367640707,-3.42714015071902,2.417160772550376,-0.0006460642579517049,-1.4991990562255095,584.2666200356332,ITSC_C20
0.0005655100266614343,2.7583080349573534,3.91095555635797,-3.90510788985914,2.7583080929279618,0.0006126354127560319,-1.5003422108897224,760.8263535511888,0.002529440833045058,1.8764950264220004,2.69864899481992,-2.68920682664088,1.8764967312141614,-0.0014611459994895804,-1.498537302876282,352.12399822574326,-0.0023700640504452286,2.8450621090620722,4.05600482532909,-4.03112416104429,2.845063096246607,5.727595192143407e-05,-1.5003779539128084,809.4384021624329,ITSC_C30
0.002047239266975619,2.725026618976202,3.87894738691666,-3.86134947693357,2.725027387994016,-0.0005806685247525028,-1.4989274684709104,742.5774265317488,-0.0015214386700670036,1.9071254778594668,2.70643261484866,-2.70828431208049,1.907126084734915,0.0008837040034128709,-1.500149398829964,363.71299030763265,-5.131875587010448e-05,2.841460019330742,4.0196045554423,-4.02528336429772,2.841460019794168,-0.0003556241511394597,-1.4998294215461963,807.3895044088674,ITSC_C30
0.0004312017930516143,2.7103377956333237,3.83406157053025,-3.82977800409641,2.710337829934396,-0.00011995272203458104,-1.4997557354429671,734.593115237349,0.0003517748012000732,1.8925746291802714,2.67585124508081,-2.67814728864664,1.892574661872644,-0.00015320372208689668,-1.4999405449044865,358.1838850762353,5.9489626431159514e-05,2.830488730697439,4.00395264628455,-4.00694457042705,2.8304887313225993,7.171273899712904e-05,-1.4999789035334732,801.1666458144217,ITSC_C30
-0.0006979665816155534,2.7164652015800974,3.83843693401618,-3.8437819676516,2.7164652912476073,3.857209768592879e-05,-1.5002349427684034,737.9183678552947,-0.0008243794454312248,1.8813856454169342,2.65992025670608,-2.66321438446557,1.8813858260288778,0.0003569487960888963,-1.500108768447666,353.96126263823635,-0.00010710928985788293,2.823133396143207,4.0016821460231,-3.99112571487389,2.8231333981750626,-0.00044592914319118766,-1.499868948822965,797.0082183891477,ITSC_C30
3.967620526357962e-05,2.721364574252298,3.84386988101812,-3.84356272435064,2.7213645745415276,-0.00025188303952471813,-1.4998023357326067,740.5825147569591,0.0006440880346088074,1.8889685603696185,2.67464076306302,-2.67276835644073,1.8889686701780595,-0.000256715556065174,-1.4998950010711285,356.82026369142665,0.00012723239506570838,2.832277318276357,4.01025472873885,-4.00549689151448,2.8322773211341423,0.00025052507697905554,-1.5000305730234451,802.1794823810794,ITSC_C30
0.0007971814756836288,2.7210629559178523,3.84812802082991,-3.84900428231748,2.721063072691757,-4.586838123611667e-06,-1.499816427869801,740.4184245566707,-0.00030615108379774105,1.8814386262409473,2.67178096281469,-2.6590998985323,1.8814386511496752,6.058174811389797e-05,-1.4999695884306459,353.9811398039909,-0.00012546381059993727,2.824122762953953,3.9946650102448,-3.99581492076443,2.8241227657408663,6.649453153884807e-05,-1.5000522338451474,797.566939597584,ITSC_C30
0.00019143214318340874,2.7064154585002167,3.82410886345572,-3.82259045852643,2.7064154652704757,-0.00018366753958281535,-1.49981334712756,732.4684670655206,-0.0001693792992394627,1.8916323085410998,2.67751842233777,-2.6797996675043,1.8916323161243245,0.00015161856810383032,-1.5000277347534872,357.8272819405877,-0.00022875253821669217,2.8199182428002953,3.9995268081813,-3.99447274861856,2.819918252078529,-0.0010031625482361391,-1.49956146714881,795.1938948405627,ITSC_C30
-0.0011066174372461796,2.7193624277758746,3.85425843170221,-3.84754060781324,2.7193626529393335,-0.00021435207444778142,-1.5001169857851693,739.493323820125,0.0007922492625331756,1.8806802032280303,2.6610440869934,-2.66242264433209,1.8806803700982044,-0.00040931126592267655,-1.4998577364278864,353.6958654472719,0.0001506785418702128,2.809850442859293,3.97406372528432,-3.98619794819952,2.80985044689937,0.0007875967542970805,-1.5002691784310451,789.5259533940588,ITSC_C30
-0.00019980845750044106,2.7429920324737815,3.8774730367969,-3.87466801661344,2.74299203975113,0.0001707416718868638,-1.5001706755439048,752.4005330138066,-0.0014280449640673388,1.8929387677281264,2.69781267454912,-2.68493073882365,1.8929393063911204,0.0006622282851028648,-1.4999792903989762,358.3219217680496,-5.8289526991988083e-05,2.8193703182095904,3.99075160791575,-3.98702281203706,2.8193703188121484,-0.0002079184974555262,-1.4999236985109892,794.8848994598916,ITSC_C30
0.001697122041661091,2.7187603548431434,3.86043135814325,-3.85486970787644,2.7187608845373,-0.0005501853399058871,-1.499249264915683,739.1660747290041,0.0007817998811403148,1.8915777968505993,2.68608091795549,-2.69755254487973,1.8915779584117651,-0.0002780944142525732,-1.499647326058668,357.80671727492216,0.00011811498121486075,2.817756152280876,3.98447132594632,-3.98756980539863,2.817756154756454,-0.0006646622896150332,-1.499615540631449,793.9749747667878,ITSC_C30
-0.01544346899340536,2.5629246372205126,3.81222966075314,-3.82329365837842,2.5629711658164327,-0.007591010407251587,-1.4832714647130945,656.8821196806445,-0.01297731033105982,1.8745781444389664,2.64789870962661,-2.6390875466976,1.8746230634961438,0.007933615282726177,-1.5030798971759323,351.4211630191667,0.025912011923969618,2.544120757963847,3.85105822344645,-3.87422178098986,2.544252712185738,0.0017793131215502567,-1.4612554566744245,647.3221863464486,ITSC_C30
2.3970749504313992e-05,2.6819585854256287,3.83454018654625,-3.80692750566189,2.681958585532752,0.0022966102115065446,-1.4993575822495508,719.290185451284,0.000665447181246237,1.8729419612104938,2.64839060502247,-2.64848809349573,1.8729420794255658,-0.0004820738227889682,-1.4997777324548518,350.7912032882963,-0.0018566530242183387,2.7231532109181127,3.88179572319232,-3.85766218317273,2.7231538438534977,-0.0006253207373057943,-1.5004793700780525,741.556685729408,ITSC_C30
-0.00011371559271602604,2.666890046378906,3.77072256271155,-3.77715296972905,2.6668900488033094,-0.00036463131367799436,-1.5000727665124696,711.2302532406118,0.0011001870499475607,1.8694091378755922,2.64804847640254,-2.6458436117036,1.869409461617307,-0.0006092093301558488,-1.4997795749660674,349.4691735184309,-0.0003906019061395294,2.6899310768495455,3.81163589617017,-3.80215233540413,2.6899311052089794,-0.00016840742525304892,-1.5004533722908506,723.5729350770802,ITSC_C30
-0.0005694623890011142,2.675106150352223,3.78269588342646,-3.78339764750311,2.675106210964286,0.0003319766001498336,-1.4999839284976617,715.61932399397,0.0002655077748260348,1.8760328650756706,2.65709625309327,-2.65619955223079,1.8760328838638216,-0.0002967223618468836,-1.4997948176486726,351.9499381338407,8.542259221860138e-05,2.6950009152867884,3.81091661759583,-3.80844177905398,2.695000916640595,0.0001502499141745546,-1.5006255135650217,726.3029940693646,ITSC_C30
-0.002471259004841797,2.686489232193735,3.7980066548447,-3.8018515226541,2.686490368829554,0.0015158414478526016,-1.5000534986179672,721.7230501813953,0.0006323570510786958,1.873100524446366,2.65069699615327,-2.65168458700505,1.8731006311879488,-0.0004652659211268958,-1.4997937223865323,350.8505974556692,-0.0004945690273741232,2.684942753402131,3.80038741666369,-3.79559984373841,2.6849427989521746,-0.00011002201403972408,-1.500189504276165,720.8917833645137,ITSC_C30
0.00015410067577935614,2.691522753423898,3.80299400940267,-3.80247466961751,2.6915227578353442,-9.340018569088957e-05,-1.499994687360398,724.4294755945579,0.0022010074249490417,1.8734322715231968,2.65505618470885,-2.6541564469646,1.8734335644527804,-0.0011208023407080093,-1.4995953783074583,350.975332041825,0.0004086535591743701,2.6870390589933835,3.79674965509819,-3.79890537384452,2.6870390900680583,0.00022415968941451176,-1.5005491343587363,722.017907155378,ITSC_C30
-0.0009901657113578555,2.6947638721388834,3.80605570333466,-3.80887318562662,2.6947640540524294,0.0004831771395892416,-1.5000409777491415,726.1753307013084,-0.0018225833000743874,1.876103664639154,2.65011298527122,-2.66655792004859,1.8761045499338111,0.00039677972952931087,-1.4998152677807544,351.9768282282348,-0.00047129890548162635,2.6921998896575645,3.8054035259166,-3.80310716297115,2.692199930910567,-1.9339934017017147e-05,-1.5005004458798772,724.7940467994861,ITSC_C30
-0.00165467582158342,2.7061288992830224,3.82619486124312,-3.82871822620038,2.7061294051628084,0.0010629458468668753,-1.5001313086008436,732.3136357486816,0.002484912857085377,1.9003197342989633,2.69274976216608,-2.69548009402317,1.900321358970106,-0.001212840730445065,-1.499494611667192,361.12212673579904,-0.00014039487709501585,2.680077761411673,3.78600954796345,-3.7896861326757,2.68007776508894,3.0564008521057775e-05,-1.500327133121098,718.2816826924127,ITSC_C30
0.0001189819641204104,2.708874363469836,3.82984783725491,-3.82929886824084,2.70887436608286,0.00012036390796461625,-1.4999783477692912,733.8000331220816,-0.0005868166748649584,1.8787924668806997,2.66136714972632,-2.65719599121428,1.8787925585230196,0.00025723006474579374,-1.5001021289755325,352.9861477961474,0.00028091995240045134,2.6883814469781724,3.80676140866614,-3.80022887580951,2.6883814616554087,0.0004306969656583612,-1.500708708878593,722.739488337247,ITSC_C30
-0.0009988327381281392,2.7068165787232528,3.82794580382227,-3.83184270560425,2.7068167630111004,0.0006355287537057476,-1.500085067745594,732.6856988517892,0.001502493706385235,1.907697378341546,2.70774920312833,-2.70957783369438,1.9076979700200305,-0.0013108217081299555,-1.4990618516554393,363.9311544818545,-0.0005605978464576044,2.6890291356841134,3.8090700834392,-3.81066641071504,2.689029194119691,-0.00026866930527293895,-1.4999918357670226,723.0878006827995,ITSC_C30
0.0012323653440186695,2.7719771152525903,3.94553651876426,-3.93797750413919,2.771977389195015,0.0008693756357202502,-1.5000570234643265,768.3858646208412,0.0022525286701797365,1.9339248430301061,2.74409044768781,-2.73828167026062,1.9339261548400524,-0.001194334092703484,-1.4995545857649235,374.007037237443,-0.0025427826484725633,2.770032128577265,3.93333073896008,-3.93805522409812,2.7700332956652147,-7.815555204603857e-05,-1.5005250231630856,767.3084459093891,ITSC_C30
0.00141728570231361,2.7404751105515244,3.89064190015705,-3.88253634019267,2.7404754770388204,-0.0002327631438320286,-1.4994562878620161,751.020584025115,0.0005333794618604859,1.9315826238260547,2.73573873705917,-2.743732258542,1.9315826974686838,-0.00018032185867411748,-1.499883915437719,373.1011717160397,6.0712100199569186e-05,2.75414875786344,3.89519599463676,-3.89223172204611,2.754148758532604,0.00032037816027761563,-1.5001324612674605,758.5335384126685,ITSC_C30
-0.0011435820722727396,2.738019603195388,3.86497241274486,-3.86988084861143,2.738019842013966,0.0007029618133074451,-1.5006544502049681,749.6752655262184,0.00014113715567044772,1.9202585595063546,2.71718921471751,-2.71461721717716,1.9202585646930772,-0.00010240602095008136,-1.4999615103051,368.7392955277117,-0.0003467452612783162,2.7610603982726367,3.89812827889427,-3.89820979240908,2.761060420045481,0.00026637877277711834,-1.5002374324611552,762.3454643141728,ITSC_C30
0.0011323038116986116,2.7356856501472313,3.87347151624259,-3.87382478121119,2.735685884478224,2.4071162700017728e-05,-1.4997620871676691,748.3977258533403,0.0006825902161260266,1.9200173237115519,2.71925358206842,-2.71947740884629,1.9200174450462355,-0.0002580449133046752,-1.499892518399363,368.6466989281874,-0.0009213036541972097,2.7526931200891624,3.89178254348222,-3.88732696281351,2.75269327426552,0.0005867644571265197,-1.5005019274113536,757.732026218663,ITSC_C30
0.0009327694795920788,2.7034805502146426,3.83793446859503,-3.8298177306622,2.7034807111292234,0.0003081958680146167,-1.4997821687238164,730.880795544777,0.0016511202380547685,1.901125550439464,2.69288439377306,-2.68939241635911,1.9011262674351213,-0.0009468964310780307,-1.499659421733966,361.42810847317963,-0.00020918919249289126,2.7507787186571755,3.8892386603411,-3.89059735347895,2.7507787266113084,-7.493716435350207e-05,-1.4999992375608258,756.6783602777331,ITSC_C30
-0.0009393897794647715,2.6961517320919914,3.80619596109945,-3.81274204677954,2.696151895742487,0.0005835842032520744,-1.5006398246137436,726.9235044915805,-6.358182095683506e-05,1.9201784184625872,2.71639380061706,-2.71524252816482,1.920178419515262,0.00014509454205717694,-1.500018129189883,368.70851627721294,-0.0003766992473487174,2.743510310301257,3.87787598985676,-3.87806954417748,2.743510336162709,0.0002668095271013909,-1.5002197095556695,752.684896463162,ITSC_C30
0.00026823985222374056,2.704817194516601,3.82539225886463,-3.82612142629237,2.7048172078174293,-0.00013466823384430658,-1.4998620764028143,731.6036127705275,0.0014488958980864196,1.8970562903224117,2.69444670304248,-2.6913357116671,1.8970568436267674,-0.0008176131461819164,-1.499638286387853,359.88246679511536,-0.0009739065132997382,2.7393641803317297,3.87622894479846,-3.87275020630842,2.7393643534547256,0.0007200758862718912,-1.500481725326881,750.4117060978426,ITSC_C30
-0.001201967176822684,2.7011932155030496,3.8162484451802,-3.81999628984945,2.701193482926538,0.001114705614085538,-1.5010252820188636,729.64462322048,0.0010121712981919862,1.9113515361167719,2.72064595060853,-2.72663852293708,1.9113518041184048,-0.0004470556970975592,-1.4995576802322668,365.32657191066806,-0.00045288402713175027,2.7371551244439143,3.87179058401339,-3.8715543016181,2.737155161910541,0.00035620803845643715,-1.5001949057119102,749.201838037352,ITSC_C30
1.2470649827973913e-05,2.699614193764626,3.82120868390247,-3.81902014693484,2.6996141937934297,0.0003038608702558875,-1.5004226646665524,728.7916795330949,0.0006723487637609571,1.9219659358188121,2.73456005944328,-2.72786165490402,1.921966053420492,-0.0003770378169988834,-1.4996642504407096,369.39535105007417,2.2664055802943394e-05,2.738917814649558,3.87516247376034,-3.87517288638651,2.738917814743328,0.00020448600004197844,-1.5000940933619402,750.1670795918369,ITSC_C30
-0.0004842587781926377,2.7022977214639385,3.82173115858859,-3.82529767305815,2.702297764854154,-8.601354949681523e-05,-1.4999993418618722,730.2413209935755,0.00036378365182769377,1.9075029295457007,2.69869623852652,-2.70027494639578,1.9075029642346495,-0.00019073308708545474,-1.4999340752814374,363.85675585639746,-0.0011621291882840535,2.7388181809485186,3.8729606683473,-3.87067732751218,2.738818427504533,0.0011109348502399816,-1.5004894228151313,750.1126378838402,ITSC_C30
0.00010306218055550265,2.7422509459921556,3.89485171126038,-3.88611820780845,2.7422509479288517,0.0014198069749640299,-1.5011001518663005,751.9940261416687,0.0011470369824826898,1.9650445115184851,2.78242201295837,-2.78050120688883,1.965044846293021,-0.0004905017352070615,-1.4998186003272072,386.14012479427623,-0.0024535059844584105,2.761870789811033,3.94170023928487,-3.91162054502699,2.7618718795959807,-0.0003064774698251095,-1.5001853835017513,762.7936279303035,ITSC_C30
0.000782615736330928,2.7158968065802926,3.85433608048102,-3.84398498711064,2.7158969193399853,-0.0001841109505597495,-1.4995532764203605,737.6096076480422,0.002338815639700398,1.9538437370559016,2.77282866531866,-2.7647085401446,1.9538451368752765,-0.0012393306596184313,-1.4995320220073747,381.7510818891168,-0.0010980332254158754,2.7326964494632096,3.86873360847887,-3.86324898043164,2.7326966700652666,0.000940978982340502,-1.5005132035812223,746.7631090585797,ITSC_C30
-0.0019176214801351732,2.725944843603376,3.8531750539092,-3.86198283482238,2.7259455180982575,0.0007106734248365262,-1.5011923438335002,743.0778967639977,-0.0005188150637714051,1.9562744102799818,2.76526022430641,-2.77734175942985,1.9562744790763287,0.00028611258518769804,-1.5000772287543342,382.7009837485361,-0.00024253519479200403,2.740359142415864,3.8774827065475,-3.87739842711251,2.7403591531486398,0.000208088278831191,-1.5000772430795712,750.9568288245531,ITSC_C30
-0.0010863587803725246,2.7531780735681326,3.89217029783842,-3.89568209919517,2.7531782878977773,3.679656970392165e-05,-1.5007016563205913,757.9990684951736,0.001681322567904644,1.9692481462163531,2.79254049053434,-2.79810383363241,1.9692488639636485,-0.0008565363341287613,-1.4995319917535372,387.794108822212,-0.0010052391793721593,2.727225702184473,3.8611164506615,-3.85357536073856,2.7272258874470587,0.0005313825247130216,-1.5003122036254635,743.7761041161397,ITSC_C30
0.00018421364238013638,2.7586690580595636,3.89879872659358,-3.89908402375756,2.7586690642101144,0.0001350897901046658,-1.499957576904112,761.0255005829908,0.0007039458238493657,1.960806670845055,2.77702558045827,-2.79097895622947,1.96080679720624,-0.00023617179689344964,-1.499839727023516,384.47632959701923,-0.0005522835368096812,2.7316969419691377,3.86233343657443,-3.86300575172345,2.7316969977983727,0.0012781683348346707,-1.5003016705439822,746.2168487780643,ITSC_C30
-0.00024396032757208544,2.7545113976744924,3.89043802017912,-3.88906022224354,2.7545114084779767,0.0005360966004279624,-1.5008904926613489,758.7333099435326,0.0017782954201062528,1.9615212000589077,2.7928678285672,-2.78282224128443,1.9615220061511263,-0.0010930990072984842,-1.4993587121718128,384.7568580615139,-0.0005378917302761721,2.7409209592309245,3.8713503836029,-3.86992566801477,2.7409210120101757,0.0005579637098246754,-1.5001878597160494,751.2647994078886,ITSC_C30
0.0019328639447269635,2.728316151923751,3.87415314957165,-3.86148590313719,2.728316836588275,7.472873032975386e-05,-1.4990325625454846,744.3712760811053,-0.00031073017790703703,1.9387536406628045,2.74623553523514,-2.7425843330857,1.9387536655636588,4.3515613223184314e-05,-1.4999852149083304,375.8765775736523,0.00021211576284967392,2.7513113036503833,3.89796200861244,-3.89149242730578,2.7513113118270476,0.000677417700738397,-1.4999939735939511,756.9713934587469,ITSC_C30
-0.0006514890378663252,2.7095150529335785,3.82597566957586,-3.83214461166512,2.709515131257181,0.0005109261049676111,-1.5008782446831097,734.1472246511618,0.002701352838660016,1.9521031367615254,2.76477297143245,-2.76334217259512,1.9521050058491591,-0.0012351852091569803,-1.4995176058120603,381.07139538613455,-0.0010068238984427991,2.751005841419977,3.89214206892336,-3.89763629974706,2.751006025660649,0.0003339302468052208,-1.5001787997028555,756.8034153221199,ITSC_C30
0.00010377514842183925,2.7156689244419034,3.83871342701331,-3.84023100539993,2.7156689264247085,-2.1306717687963165e-05,-1.500080856079375,737.4857717948728,-0.0006686650764524904,1.9202010983209268,2.73700736935593,-2.74970605231071,1.9202012147444023,-0.000151574014148945,-1.4995724518748632,368.7172705105878,-0.0015041992800931769,2.743364340765804,3.88111197964963,-3.88121424155927,2.7433647531454635,0.0010732034032175672,-1.500264986828875,752.605016880087,ITSC_C30
-3.691173170761425e-05,2.707072692877915,3.82766306678913,-3.82367406822371,2.7070726931295668,0.0005274822462391995,-1.5005383059459754,732.8242565887766,0.0020113618448435932,1.9555616144512535,2.79139435271431,-2.78616218046024,1.955562648828123,-0.0002938938242507028,-1.4995631896726,382.42252734916644,-0.000494773632988923,2.733764604089784,3.86838685650777,-3.87145688364411,2.7337646488633807,1.8113654753819282e-05,-1.5000502468501524,747.3469155375124,ITSC_C30
0.00297715061753949,2.744605452206865,3.91973253772721,-3.88890596709927,2.7446070669058344,0.0003223496619070003,-1.4988123335010974,753.2867951709447,0.001557625519767112,1.9590211231274046,2.77322236470611,-2.77601562054049,1.9590217423644425,-0.0007954777226025031,-1.4996517829033307,383.77661870566163,-0.0015770736805366071,2.791309119435525,3.95580707121487,-3.9579978046136,2.7913095649542923,0.0007542366637347759,-1.5003294693710056,779.140908740532,ITSC_C30
-0.0004813344695703706,2.717569277109162,3.83896952516861,-3.84305317584137,2.717569319736018,0.00013067735171572875,-1.500158962045006,738.5183007570483,-0.00011275280495564476,1.9369141022997236,2.74708681559152,-2.74168819238722,1.9369141055815406,-7.865761903256704e-05,-1.4999291875925993,375.163625240074,-0.0007577880857093166,2.793339178404222,3.95175016422743,-3.94961227332493,2.7933392811920927,-5.833967893846565e-05,-1.5000808297965216,780.2744339850756,ITSC_C30
-0.0010383748549019237,2.738057200492892,3.87444906555949,-3.87690837877679,2.7380573973883955,0.0001451505276003648,-1.5008028089808692,749.6958311393313,0.0003533815514195826,1.9460480692922382,2.75010775341215,-2.75125130974981,1.946048101377396,-0.00012013461475213318,-1.4999777814229935,378.7103212874568,-5.584832207874424e-05,2.7759472863138295,3.92093346096879,-3.92548475327923,2.775947286875626,-0.00029021050909965203,-1.4999646865339358,770.5883339512148,ITSC_C30
0.0017815629334191091,2.7288884971505185,3.87195825500117,-3.86101819652384,2.7288890786997744,-7.289020379374143e-05,-1.4990192783416287,744.6835603846903,0.000365645353151689,1.9495720234669633,2.76273670354826,-2.76441823727388,1.9495720577556486,-0.00021564415140588663,-1.4997712124036553,380.0831208381594,-0.0002456157815775395,2.7775377872285576,3.92949671001192,-3.92275832267579,2.777537798088376,0.0007211276611581388,-1.5001235550108345,771.4716219809625,ITSC_C30
-0.0001654933428862496,2.7041928215997912,3.82507381897109,-3.82004178462078,2.704192826663788,0.00026118078644820286,-1.500215094828958,731.2658843779886,-0.0003393702486978478,1.9211640927722815,2.71791847337598,-2.72744937996439,1.921164122746859,8.464547717960432e-05,-1.4999652473112022,369.08715865297086,-0.0005116667147180598,2.7773320523847214,3.92922260201057,-3.93256495845487,2.7773320995167925,-0.0001158503528920755,-1.5000472859928597,771.3573591006353,ITSC_C30
-0.0011843266632884715,2.721478872032849,3.85233072397613,-3.85856218869346,2.7214791297290586,2.878668237822802e-05,-1.5006835724922085,740.6448653550833,0.0008504556690181752,1.9395270879970392,2.74697011466513,-2.75118276405359,1.9395272744535248,-0.0004660581906638497,-1.4997096151312879,376.17660483491187,-5.501540485894463e-05,2.772247612024336,3.91891437194229,-3.91941949557916,2.7722476125702276,-0.0001929482879005407,-1.49998958207775,768.5356825401327,ITSC_C30
0.001099335936014274,2.724243456225574,3.85887307910887,-3.85301776619763,2.724243678037514,-0.00013067074879300597,-1.4993369372004284,742.1503617327363,-0.0012182176433760761,1.9364542248353083,2.74073421218809,-2.74766815434187,1.936454608023834,0.0007645606675761386,-1.5002585317935195,374.9856448936741,-0.00034292845218437674,2.766838908122967,3.91796783539878,-3.90737463909234,2.766838929374642,0.000881411284044811,-1.5001099391024404,765.5397661103017,ITSC_C30
0.00045898619362976694,2.7026251710553573,3.82638140145771,-3.81920567817829,2.7026252100301154,0.0003432680822063569,-1.5000386257879257,730.4183025890325,0.0019666219710898947,1.9301692287296908,2.74364872471701,-2.73547181609479,1.9301702306110067,-0.001197111675217896,-1.4994392870105997,372.55571191369467,-0.0003524770640607011,2.775970023693724,3.93034200575196,-3.92760823371463,2.7759700460715013,-0.000240932821749088,-1.5000273661173609,770.6009696686215,ITSC_C30
-0.0009635252352229481,2.7024197792420144,3.82194722054032,-3.83480682280229,2.7024199510104525,-2.1938129462364022e-05,-1.5004674501974906,730.3073591619337,-0.0008787899953249311,1.9289557315563572,2.72431104775963,-2.73508325310764,1.9289559317350868,0.0005689448218175582,-1.5002311305962,372.0870986575977,-0.000318284205021393,2.7597375311682657,3.9035022436202,-3.90783719164248,2.759737549522336,-0.0002200152376408693,-1.4999997082003984,761.6151342243548,ITSC_C30
0.00036982745624285,2.718807134310424,3.84472957837082,-3.84718787273412,2.718807159463431,-2.037374545050465e-05,-1.4998890583736773,739.191237034961,0.0008767854186340828,1.9511270822851143,2.76627567559239,-2.77094727276912,1.9511272792873082,-0.0004675031092151045,-1.499488865982971,380.6897659979094,0.00027015904934754695,2.7602435592895915,3.91160059549945,-3.89948064011973,2.760243572510511,0.0006907760207699352,-1.5000062036609867,761.8944579585587,ITSC_C30
-0.0006943581950341498,2.9515176123713647,4.17991576916518,-4.18367314927552,2.9515176940468555,-0.00015053170888431954,-1.5002082449477994,871.1456698271666,0.0010424689157576593,1.9708371311039257,2.79356468604079,-2.81650881501092,1.9708374068094487,-0.0002962028058207705,-1.4996420728266615,388.42000840793924,-0.00013513924594851456,3.134027552617571,4.44361803246943,-4.43745104567894,3.1340275555311727,-0.0008004814075456467,-1.499655987460036,982.2128718828698,ITSC_C40
0.00409096050147633,2.929554804776019,4.17791538572917,-4.15750186345261,2.929557661174138,-0.0006247092341042475,-1.496688351953577,858.2308090144085,0.0011968810790719787,1.9621526164300753,2.77983752076696,-2.78101506922852,1.9621529814690055,-0.0005494177146600056,-1.4997736363448528,385.00443226877076,-0.00029686054413522454,3.121437483815192,4.41427453957042,-4.41398228254586,3.121437497931474,-0.00023673507368194104,-1.4999460416532118,974.3372053492701,ITSC_C40
0.0013803013793322017,2.8611823169417905,4.07628907869208,-4.05082895911174,2.8611826498866324,0.0005870616344209503,-1.4997475161620037,818.6366156012291,0.002004201902809224,1.952765500305367,2.77443055890572,-2.76061236486567,1.9527665288016736,-0.0011221484941998934,-1.4995669796841873,381.3297116008137,-0.0017702626855058013,3.0780057253813,4.38621264556924,-4.36482106113641,3.078006234449508,-0.0010734187716192342,-1.4996907850077907,947.412237931004,ITSC_C40
0.0012442392897292695,2.8349357598924017,4.02411492479753,-4.01912666870155,2.8349360329376254,0.0007449069435186958,-1.5000177172660247,803.6862310848121,0.0006805445150676758,1.9718716937524057,2.79371462190502,-2.78948244326232,1.9718718111892615,-0.0002433110264545873,-1.4998897668784388,388.8278439762819,-0.0011382623779135593,3.0546819326244337,4.31868039151068,-4.31695441290232,3.0546821446990826,0.0008992922900793782,-1.5006833002126299,933.1083005143388,ITSC_C40
0.0006679657779131088,2.7879181268168507,3.96228148488674,-3.93718630797124,2.787918206836825,0.0012072423808110581,-1.501530748366028,777.2487928012257,0.00040373728659635953,1.9668828277310306,2.80023760119433,-2.78758047218701,1.9668828691681188,-0.0003228774176998608,-1.4997640781847417,386.86282210270116,-0.0027646387640331226,3.0465287658402813,4.3077533013163,-4.30652195911513,3.0465300202558,0.0026576017667745114,-1.5012181079364193,928.1345164319804,ITSC_C40
-0.0022815343349898297,2.787184663747706,3.94586912445582,-3.96510757822469,2.7871855975570297,0.0005476607566944927,-1.5019094496316494,776.8403555229336,0.0026875628431019425,1.9902738968733444,2.81344318907468,-2.81231663063491,1.9902757114453875,-0.0012734046834960763,-1.4995531667431494,396.1197407569444,-0.0004554853856899044,3.0671235932085543,4.33857600971661,-4.33515840435716,3.067123627029646,0.0013847375766863326,-1.500247861123728,940.724734348349,ITSC_C40
-0.002517343348697273,2.84519075316607,4.04933398081056,-4.03671554826521,2.8451918668025264,-0.0004381385931293516,-1.5027445250691265,809.5116758919245,0.0010404775994266036,1.989600565504001,2.81188649509942,-2.81251631634454,1.989600837567042,-0.0005200365980293852,-1.499819416083759,395.8511492847475,-6.0054909787474745e-05,3.0951625470647266,4.39388183085581,-4.37994311108073,3.0951625476473437,0.0019232855025086012,-1.5001506995270861,958.0031196358796,ITSC_C40
-0.002120851280149936,2.894862813762497,4.12492882895405,-4.10092686918735,2.8948635906576103,-0.0006383569390750885,-1.500997779280051,838.0235208515072,0.0012797867652959384,1.9906813545314392,2.81514814416365,-2.8163743305305,1.9906817659116913,-0.0006417355690611599,-1.4997829600970374,396.281389313329,-5.2222195554731956e-05,3.125947216112665,4.42346701276368,-4.42206341193093,3.125947216548878,0.0005305154927418854,-1.5000197416482433,977.1546000649678,ITSC_C40
-9.874535734991419e-05,2.9285114128484007,4.14620664675804,-4.14282298897979,2.928511414513179,-6.43991041576158e-05,-1.499337613810879,857.6179104933982,0.0009315276950335249,1.997598140726014,2.83323334132818,-2.83040795616614,1.9975983579228016,-0.000384270735527148,-1.4997936763930286,399.03991995758736,-0.00042090409495168404,3.126259357136795,4.42613025974767,-4.42502742117056,3.1262593854710174,-0.00034978474683458914,-1.49998376097966,977.3497745245625,ITSC_C40
0.0005845855303878889,2.9278870925178806,4.14400716247193,-4.1449501397602,2.927887150877412,-5.008233474846171e-05,-1.4995708309900289,857.2523168273049,0.0005280488207410716,1.956190103896089,2.79493826868134,-2.78106526032426,1.9561901751661432,-0.0005501363617541745,-1.499540915690211,382.66800014165466,-3.5322351292546015e-05,3.0898029470962722,4.37896192034078,-4.3989210470752,3.0898029472981734,-0.0015432317534419407,-1.499776759793113,954.6882253132479,ITSC_C40
0.0016166912489266256,2.9015821699311726,4.13303463809342,-4.11644244489399,2.9015826203217245,0.0002919835520458459,-1.4999624598263583,841.9181702553086,-0.0008975311165316979,2.008338358618264,2.86259263070318,-2.85551751716617,2.008338559172633,0.00024406358415628314,-1.4995458132606059,403.34237682596074,0.00024278972476889926,3.08835062217715,4.38689366167052,-4.38267739644662,3.0883506317205693,-0.0011514631379664533,-1.4993236836408372,953.790962444884,ITSC_C40
0.002700422613792242,2.8324091953863184,4.0291615208363,-4.00870696313513,2.832410482679243,-0.0001889974287093281,-1.4979684506045312,802.2549142391264,-0.0005707583122631999,2.0180449583412763,2.85436374045285,-2.86098417738875,2.018045039054306,0.000360722631824257,-1.5001344108959036,407.2505779651695,-0.001062762676234965,3.053719108481704,4.32865647707646,-4.32782599880479,3.053719293414311,-0.00035721938907603277,-1.5000124310717378,932.52015229708,ITSC_C40
-0.0006340148982909349,2.821331410219258,3.9876910899276,-3.98865640023472,2.8213314814577677,0.0001620154942085306,-1.5004889200481295,795.9911328264683,-0.0003487667794539107,2.0198732937856545,2.86140712412871,-2.85733432623863,2.019873323896025,5.9433178467373094e-05,-1.4999589008562106,407.9888244586776,0.0018082120495939026,3.0608640977900086,4.34844841431616,-4.33801670537845,3.0608646318925405,-2.958746790589903e-05,-1.4994141590709649,936.8892294770659,ITSC_C40
0.0023803519329503938,2.8066541697204963,3.98484109246406,-3.97690854502874,2.806655179120651,-0.0007593071137765922,-1.4981708852726818,787.7313294484774,-0.0003658841389829304,2.0376731028109214,2.88952739038588,-2.88716278647723,2.037673135659959,8.660124387154251e-05,-1.499902551752263,415.21118077902906,-0.0005139874777130293,3.0667899704726262,4.33809185732844,-4.34804215315249,3.0667900135442303,-0.000663005445292543,-1.4997243811399812,940.520098717462,ITSC_C40
0.0009479074316216707,2.785416972300426,3.94722468470367,-3.94372769808234,2.785417133591982,-0.00019878062362790807,-1.4994472779283958,775.8548608107775,-0.001575703755095006,2.0277647290003453,2.8734096308645,-2.88255821383787,2.027765341211889,0.001151335492217182,-1.5003634495500657,411.1832279020169,0.0006076709567205984,3.060329278480535,4.33958949028393,-4.33131749614416,3.0603293388112958,0.00023245235911289317,-1.4999125971439269,936.5615661989183,ITSC_C40
0.0015781494582150085,2.7656008591353647,3.92496679385314,-3.91472249616246,2.765601309409218,-0.0011330807440944597,-1.4987133340622096,764.8550602605981,-0.0007823815618803253,1.9906966386193343,2.81627897206835,-2.81842204497626,1.99069679236473,0.0005158437714692214,-1.5002209143971383,396.2873719131225,-7.907760836040501e-05,3.0670613247279097,4.34148876955389,-4.34375290783964,3.0670613257473334,-0.0006666211259820045,-1.499564507496924,940.686517589499,ITSC_C40
-0.0009193108377602843,2.781759120475382,3.94065498976823,-3.94208675852964,2.781759272381489,-0.000656415872281743,-1.4996756859993168,773.818464948039,0.0012706890522467252,1.9905538780050807,2.81889694857263,-2.82005740028708,1.990554283583277,-0.000799318035714337,-1.4996470896468672,396.23063558917335,-0.00022603715006532576,3.047796943929979,4.31240961701315,-4.31151572733046,3.047796952311901,2.9001705405786093e-05,-1.500085013864724,928.9066262521711,ITSC_C40
4.195938510510089e-05,2.797712754006781,3.95301451560438,-3.95367331442128,2.7977127543214295,-1.6268707626183833e-05,-1.5000470630839504,782.7196655692799,-0.00147768281303859,2.009691485737776,2.84403588393147,-2.84110874121001,2.0096920289918567,0.0007512344855729594,-1.50019357357097,403.8862051393405,0.000662695217221172,3.061757485262265,4.33394236494484,-4.33649671564751,3.061757556980053,-0.00020500395447345366,-1.4996252679320594,937.435933772446,ITSC_C40
-0.0004873792677106581,2.803812431970542,3.96780021077276,-3.96628193623656,2.803812474330464,-0.0004678080101787976,-1.4997577004510814,786.136439121112,-0.0004268860362855298,1.9801759329818776,2.81829492652706,-2.81902806565943,1.9801759789958913,0.0006550188384066643,-1.5000993448950688,392.1096907792337,-0.0007496527378552753,3.046673916662174,4.30564313500581,-4.31716849792229,3.046674008890492,-0.00011504196720627224,-1.5001519154063068,928.2222516448862,ITSC_C40
-0.00098741376981693,2.8225535748775483,3.98885437393754,-3.99314437869282,2.822553747590997,0.00039415954813349876,-1.5005525251545269,796.6809658039983,0.00023495957797130983,1.9835383535950564,2.82247634604403,-2.83155523324706,1.9835383675110976,-0.000594674096540092,-1.4992757117679563,393.442445538859,0.0008010819997008545,3.0545618585618466,4.32782978691238,-4.32833146836531,3.054561963606758,-1.2189128623667894e-06,-1.4996376565096288,933.0348789513173,ITSC_C40
-0.014902806249416175,2.7755943808782195,4.07249725256583,-4.08942902927432,2.7756343888914574,-0.005374395392269356,-1.4893643768180784,770.4146260796855,-0.01765275029207437,2.0012782895532717,2.83802645412443,-2.82439834897247,2.0013561431764573,0.010057519741928114,-1.5038332860674073,400.5426411830143,0.024092385208486996,2.966495970316342,4.38356428450118,-4.41632662959301,2.966593801808419,0.0025059433738837244,-1.4737861224761697,880.067878492813,ITSC_C40
0.0008070598561077036,2.8876917404262574,4.08071882818659,-4.08319070088614,2.887691853205885,-0.0006327464588307989,-1.4999168093508632,833.8764239071638,0.0011239582983263309,2.019582971859433,2.86630367026464,-2.86182805824471,2.019583284617606,-0.00037665350981161216,-1.4998280353038873,407.8716643506838,-0.0022487809232832833,3.079622490116226,4.38831209907315,-4.35866985459053,3.0796233111608475,-0.0006048801478837845,-1.4991506937730064,948.4079738645303,ITSC_C40
-0.0032204852177799424,2.8967971361098095,4.09813104483301,-4.11511983153019,2.8967989262803573,0.0017899417732805665,-1.5002844209077515,839.144401929903,-0.0017003543785415508,1.9887207442347716,2.81439503115742,-2.82004188087075,1.9887214711353416,0.0013251247331319367,-1.5006231119163465,395.5013089754717,-0.0004935556196941593,3.047578812153038,4.31782258606356,-4.30705629765114,3.047578852118723,-0.0001439639556437748,-1.500202409792395,928.7736859881271,ITSC_C40
-0.0005927655146739275,2.928970477150085,4.15057263301295,-4.14856277086833,2.9289705371320744,-0.00036033428142876026,-1.5000698275574653,857.8868407387752,0.0008749813132371553,2.012720716469726,2.85823950060846,-2.85545540453238,2.0127209066581253,-0.0014043275069926242,-1.4990757658801965,405.1045448098706,0.0005303984845562537,3.058008093764926,4.32846261564693,-4.32795000449514,3.058008139762605,0.000421361872791228,-1.498244834582976,935.1413782854348,ITSC_C40
0.0005286319511255422,2.922229534007793,4.14216771754198,-4.13404219097831,2.9222295818226094,0.0005254843316041145,-1.4999151895818053,853.9425728879143,-0.0009138781181931987,2.015270277979287,2.85217725823557,-2.85600897121677,2.0152704851904937,0.0011090868407023946,-1.5005626636677074,406.1315128479928,-0.001116473816827549,3.047818230742068,4.32096666243146,-4.31939093749908,3.047818435234863,-0.00047462497357761446,-1.5003376006482423,928.919721415749,ITSC_C40
0.002403832945333535,2.8952397845340885,4.10949496263523,-4.09925548823466,2.8952407824500237,-0.00043743663940033815,-1.4996509790819392,838.2419188361824,0.00012213674171722476,2.004563657980496,2.84399667799993,-2.83295644085508,2.0045636617013516,-0.0004482016651999825,-1.4997287370124404,401.82754738135304,0.0009609964800507881,3.046816549230779,4.32871825418441,-4.31651252163722,3.046816700784736,0.0006043560100682845,-1.498945957372674,928.3092008180784,ITSC_C40
0.004919057703824863,2.8433434324138744,4.04571743033462,-4.02250190437547,2.8433476874592394,-0.0017274685036705556,-1.4993530643449913,808.4626071779805,0.0003946937951141427,2.0278404501700673,2.87585627635005,-2.87303370005388,2.027840488581173,-0.0008425807540975205,-1.4994336878584038,411.21370471291317,-0.0008067571745089819,3.0605410520969043,4.33216757599497,-4.33522113005214,3.0605411584273075,-0.00016668448372155818,-1.499502791089283,936.6912182427566,ITSC_C40
0.001266967681097939,2.80968598105358,3.97945345491406,-3.97337264873646,2.809686266709528,-0.0005195972832787013,-1.499892819175908,789.4336917336124,-0.001694741844729659,2.0408468527110535,2.89562434075977,-2.88718907756291,2.040847556377137,0.0005781561604661542,-1.5000861049205523,416.5058748370532,0.00022685023208479315,3.0418733168961443,4.30719017760608,-4.29801379259992,3.041873325354917,-7.572645223331925e-06,-1.500315906419975,925.2993327505781,ITSC_C40
0.0036917006970063147,2.791067647740646,3.96330676629416,-3.95630329766084,2.7910700892164173,-0.0017792930047173118,-1.4998906608415776,779.007224291854,-0.0011344229351582546,2.0492537161505435,2.90252375291565,-2.9023816215701,2.0492540301466313,0.0012874529407177285,-1.5006069425122452,419.94420800722094,0.000508952451856417,3.0641952715251777,4.34218624513588,-4.34271533115305,3.064195313792816,0.0004985648592695516,-1.4991436916973238,938.9292921069853,ITSC_C40
0.002395752583661115,2.7760822998195276,3.92448523487693,-3.92697322202659,2.7760833335837956,-0.002410727768924068,-1.5002840959500527,770.6638675001719,-0.0003246364338359875,2.025624793790145,2.86659677404137,-2.87254615339495,2.025624819804048,0.0011458612459346019,-1.5006186352363058,410.31559106061815,-0.0010250962809002844,3.054431740438402,4.31950748851712,-4.33269863370163,3.054431912454418,-0.00043061970133854196,-1.500061320789234,932.9554307819952,ITSC_C40
0.004172643907521807,2.8442198266681005,4.12213896443008,-4.10564357395401,2.84422288742797,0.002738611643646815,-1.499032109456256,808.96038333691,0.0019721773437046996,2.0820944620207227,3.00156464628116,-2.98578057608418,2.0820953960519764,-9.553229340423188e-05,-1.4991432340109077,433.51212382608355,-0.004957724660044718,3.105078731157985,4.43468079470737,-4.47881587500893,3.105082689031564,-0.0014544795235698189,-1.4994340249118008,964.1538505723489,ITSC_C40
0.00029947433353090026,2.7947744192846122,3.95575739524584,-3.94790003174282,2.794774435329713,-0.0005780515433057865,-1.4997188511910158,781.0764144372517,-0.0004942393928269917,2.079395092056297,2.94642990803902,-2.94543364556247,2.0793951507927475,0.00022341331407370714,-1.4999689523302089,432.3884193140393,0.0004029528113636371,3.0733955611059667,4.34878506142489,-4.34886155802131,3.073395587521533,-0.00017682844970961245,-1.4997493655280218,944.5760437396829,ITSC_C40
-0.00043068813306021414,2.8027417057292414,3.96502247896275,-3.96470307840637,2.8027417388204587,0.0011954446988379174,-1.5006345775719958,785.5361254526327,0.0015203409975893534,2.0609559407253357,2.91910384963842,-2.91573996839067,2.060956501493373,-0.0006730926333006945,-1.4997877869256087,424.7541701047803,-0.0007570927739200628,3.071309012229496,4.34393630299736,-4.34696892333907,3.0713091055430395,0.00024079107466204444,-1.5004020762289165,943.2939621791585,ITSC_C40
0.0006348183996942647,2.781105552058065,3.93656264184176,-3.92813732684249,2.781105624510259,-0.00040631991710223545,-1.4996910464177835,773.4548494682596,-0.00024700529817491825,2.0700925859209063,2.92797743554887,-2.9301864420469,2.070092600657353,0.00017793287673624586,-1.5000215458323827,428.52833752963227,-0.0001109168505015612,3.0610188356539645,4.32896430364492,-4.33173939409195,3.0610188376635157,-0.00020971476118690624,-1.4999011114574154,936.98363245309,ITSC_C40
-0.001047875557750509,2.7878608925670734,3.93875421777511,-3.93679083522233,2.7878610894999882,0.0012523578546547811,-1.5009561073243678,777.2169454348062,0.0015176613777599802,2.055266472417046,2.90719223707121,-2.90782408249542,2.055267032756976,-0.0007946852691160777,-1.499721865592342,422.41225759376647,-0.0005558152690536078,3.055481028407537,4.32053503369299,-4.32304440659392,3.0554810789610523,0.0002294800373239867,-1.500291166334839,933.5964623888997,ITSC_C40
0.00046573332947725475,2.7744628229065116,3.92929780939634,-3.92229654229002,2.7744628619965166,-0.0003326616989765768,-1.4997185431194473,769.7644172597902,-0.0008154504127770634,2.0651862976683426,2.91750638141467,-2.91826787933688,2.065186458660925,0.00046616750178507635,-1.5001573431509538,426.4995109036452,-0.0002073164128018723,3.047831124756479,4.31205593960976,-4.31527157591584,3.0478311318074103,-0.0002947352862690317,-1.4998933581248,928.9274608014439,ITSC_C40
-0.002607022516334369,2.7919317355102597,3.94689674676246,-3.95441105328944,2.7919329526898977,0.0015236745903847476,-1.5018687080787767,779.4889612315732,0.0014596057062384914,2.058231895195416,2.91477880547413,-2.91343568376918,2.0582324127387883,-0.0008388437628814528,-1.4996738672359284,423.63206648485334,-0.00017118821010447816,3.0448184952603423,4.31354143659866,-4.30735732290332,3.044818500072682,0.0006252691328474763,-1.5004552614106919,927.0919698384857,ITSC_C40
0.0008001218219168862,2.7986352496603866,3.95895056327376,-3.95995623537677,2.798635364036656,-0.0004269262533664983,-1.4995524877923205,783.2359900836586,0.0011957281205148362,2.0773709265694698,2.9427421413135,-2.94359553626758,2.0773712706980993,-0.0004815199824923837,-1.4997737283405905,431.54713963218353,-0.0002475056043930768,3.050313172122306,4.31601142362198,-4.31720666510745,3.0503131821637375,-0.00014658823061378652,-1.500001977646594,930.4410509281868,ITSC_C40
-0.0017343140135975138,2.800461589200097,3.95680185659694,-3.963081340829,2.800462126226711,0.0009274667531523474,-1.5013399580153004,784.2588120430231,-0.0013910976089848992,2.0525003497909347,2.89844280514414,-2.91236042379765,2.0525008212043345,0.0008479289509389188,-1.5003224657247687,421.27596210444676,-9.017970399651132e-05,3.0446122521712486,4.3110335135036,-4.3053488833294,3.044612253506785,0.00041744653009724754,-1.5002567825629292,926.9663774203664,ITSC_C40
0.00017463417313676164,2.8124728345680827,3.97179991041621,-3.97199746931485,2.8124728399898404,-0.00026396315143967686,-1.4998683859063489,791.0003475680519,-0.0002004419232003407,2.0193836471278637,2.86462339226614,-2.87489810949962,2.019383657075692,0.00040254945837172007,-1.500056741067126,407.7910354464397,-0.00067255262534613,3.0476162316398514,4.31039883941369,-4.31351112032562,3.0476163058498225,0.00010154065479137605,-1.5002817033927136,928.7965147681718,ITSC_C40
-0.00048671010910427526,2.9395395099575374,4.16031975165668,-4.15469012846997,2.9395395502507062,0.0002724908442854519,-1.50092190624867,864.0892767488126,-0.0004692165323174047,2.050003450376165,2.92620629819625,-2.91285784232877,2.050003504074648,6.143458589886811e-05,-1.499658116990871,420.2514366718336,-0.001922018899888318,3.133795735686852,4.47057893976836,-4.44141299641509,3.1337963250928977,-0.0003625666404645853,-1.4999794107580944,982.067940716575,ITSC_C40
0.0006363977809253462,2.9294911881580368,4.15155763659574,-4.14264279343653,2.9294912572830323,1.3393081887474922e-05,-1.4993567781250337,858.191902649772,-0.0010378621746057438,2.053135238789032,2.91015206140473,-2.92480160454549,2.053135501109264,0.000696837652434266,-1.5000971283560336,421.5365385915188,2.379138327635033e-06,3.114443644646219,4.40465723883929,-4.40433669698276,3.1144436446471278,-6.658058266374971e-06,-1.5000455681955798,969.9759215682883,ITSC_C40
-0.0015781140929847154,2.938380757178346,4.16367897600188,-4.17223163658003,2.9383811809566303,0.00025433747565770863,-1.5016432787977885,863.408396460008,-0.0016454519312011095,2.042634134679727,2.90589174680786,-2.89722794455606,2.042634797429745,0.0005862271053370186,-1.5000249744408058,417.23569156708555,-0.0004939925261101141,3.104662347849898,4.39806285577276,-4.39293949816279,3.104662387150245,-0.00025689270430945477,-1.4998981786278265,963.8928538185457,ITSC_C40
0.0007396132259096047,2.9460822038187477,4.17405945318932,-4.17016133324441,2.946082296658607,-3.1048859855475536e-05,-1.4993802872662847,867.9400898685254,0.0009526271174447221,2.0498701268532047,2.90905825431946,-2.91348110678263,2.0498703482082954,-0.00018694546214199773,-1.4998587420786065,420.1968444463598,0.0006607641483195393,3.0978548040329135,4.37942765574908,-4.38043521830029,3.097854874502526,-0.0005222502855285936,-1.4997484777988621,959.670482347906,ITSC_C40
0.000691248432397773,2.92525577781288,4.14578373875126,-4.1371355665943,2.925255859485121,0.00037501495617896024,-1.500231812091577,855.7121843452034,-0.001243767373243383,2.024398749950818,2.87207221340277,-2.86658054287616,2.024399132028986,0.00043448828517140783,-1.5000986844283841,409.8191845759712,-0.000966897241176623,3.0867041071350285,4.37744497748191,-4.36993975039268,3.086704258573297,-0.0003570394929912047,-1.499873650244315,952.7743179894529,ITSC_C40
0.0009151405428460077,2.9090430584894307,4.12034797036689,-4.11727249412068,2.9090432024340505,1.7559666824216364e-05,-1.4996085648816635,846.2532353627755,0.0005191234823493929,2.0447313658139925,2.89832788439834,-2.8965696176189,2.044731431712426,-9.053068536000885e-05,-1.4999302422773682,418.0926627832747,0.0013960256656108028,3.0730819627182404,4.34478833875177,-4.34370551183382,3.0730822798083124,-0.0009861803429907549,-1.4993281206145381,944.3834698471854,ITSC_C40
0.002014083041072924,2.8734083711413385,4.0837739783972,-4.06448984855044,2.8734090770155953,-3.950866112466648e-05,-1.498487908613957,825.6479723875615,0.0005844088581414253,2.008985730116412,2.83798416259832,-2.85588641707617,2.0089858151179376,-0.00032472418497101656,-1.4998391260523485,403.60240053450843,-0.0010872959610384258,3.0721281602024453,4.34534643563686,-4.34219790848352,3.0721283526118124,0.00021363238671105142,-1.5002405762309052,943.7972614921368,ITSC_C40
-0.0005321358030414125,2.8624100758563196,4.05084152774224,-4.05171907621875,2.862410125319622,0.0001514259559596863,-1.500567601769221,819.3391725532293,0.00024121205395621014,2.053365133864887,2.94045333143783,-2.92699881844923,2.0533651480326682,-0.0004379800284242262,-1.4989697960634356,421.6308431155221,0.0012962576243229363,3.0609370683420267,4.3316651608166,-4.32645958767347,3.0609373428141433,-0.001014279977731633,-1.4991885478261113,936.9337416634108,ITSC_C40
0.0032304444238252464,2.8386008592033978,4.04016157433975,-4.02276735465837,2.838602697392054,-0.0006175556390915714,-1.4975433600024397,805.7665273641446,-5.218110975945489e-05,2.066521344967155,2.92469042929601,-2.9368539907847,2.06652134562596,0.00015528483416073595,-1.5000257649319548,427.05104719277284,-0.0008055269832394485,3.0627729817722043,4.32996830773413,-4.33370159254627,3.062773087701327,8.06128731838002e-05,-1.5002174952409264,938.0578986747521,ITSC_C40
-0.0006873946197906136,2.8125331778042715,3.97459120832437,-3.97680352908397,2.8125332618053,0.0004640229340160243,-1.5006402313671559,791.0343348761158,-0.0013502401462179136,2.0696678651755587,2.94469574951281,-2.93598711098748,2.0696683056202043,0.00043889776992818907,-1.4999448419224946,428.35268952888066,0.0007402830837372921,3.0468240332861978,4.31398132602435,-4.30534619888278,3.0468241232190314,-0.0006760329300741221,-1.499361874277263,928.3137237829418,ITSC_C40
-0.0017158520667909772,1.967677472048537,2.78801453148619,-2.77697167012621,1.9676782201761638,0.001160321287062589,-1.5005147117963418,387.17575781556354,0.00027076744946511464,1.976677695869369,2.79044688517069,-2.80823151449026,1.9766777144143783,-0.001784338670404895,-1.4986446463372045,390.725478666245,0.001185268932503305,2.2821687927779326,3.23978397218098,-3.24286036215605,2.282169100569002,-0.0016675443321037264,-1.499915478717158,520.8295803591928,ITSC_B10
-0.0011856864709958038,1.956038473857118,2.77178705557003,-2.76533291144319,1.9560388332192413,0.0008604147753616771,-1.5003842260425897,382.6087917061691,-0.0009794197199621602,1.9653991820635535,2.78433478206875,-2.79338759816171,1.9653994261012373,-0.000569243872244175,-1.4997141411371255,386.27949041190726,0.00010913466166207587,2.274300669521801,3.21604733823788,-3.23096038504712,2.2743006721402708,-0.0015703072976275697,-1.500185460159327,517.2443547297687,ITSC_B10
-0.0003460381729038531,1.9542600140401638,2.76669329998421,-2.7702788699048,1.9542600446764187,-1.803752188302004e-05,-1.4998956301484037,381.9132322218678,0.001098331205284222,1.9578503694758218,2.78086034919072,-2.77587540351736,1.9578506775512907,-6.277932418618677e-05,-1.4991973745368725,383.3179275588048,0.000655165064381491,2.295344265216733,3.24860903392679,-3.25008103032334,2.2953443587193196,-0.0003932511905563666,-1.4999882693466524,526.8605725104604,ITSC_B10
-0.00032981968552185935,1.9657055281891054,2.78213908336152,-2.78235394897598,1.9657055558588206,4.7699837115584606e-05,-1.4999414337687962,386.39983323342346,-0.0002367884230461459,1.9625334291941985,2.77260289673733,-2.7781381592252,1.962533443478989,-0.00031463254517652585,-1.4997564737016502,385.1537516773498,0.001147198257233768,2.279747328697726,3.23298518032347,-3.22508905041573,2.2797476173401865,-0.0005743266195660994,-1.4999983586422907,519.7249198768258,ITSC_B10
-0.0012405139017205434,1.9639666896787003,2.77864839913226,-2.77347654155416,1.9639670814558607,0.0008585315317209939,-1.5003863260505588,385.7166697042252,0.00021832139124810634,1.9624156178810315,2.77185482736438,-2.77290052748282,1.9624156300253064,-0.0003198003220502981,-1.4993427061621092,385.1075104967621,0.0006527402209927246,2.283061838063308,3.23088458341839,-3.23048345011558,2.2830619313743568,-0.001425098755330203,-1.5002652314921563,521.2371782490808,ITSC_B10
-0.0017407360192101785,1.9583443968550143,2.76472630220858,-2.76452209312514,1.9583451705088455,0.0010381990051175232,-1.5004306780635828,383.5115806855319,0.00042988087153668754,1.9596899408308228,2.7718151885874,-2.77014540294868,1.9596899879805167,-0.0002568147676965874,-1.499382526630994,384.0384848991078,0.0005818873677883274,2.286852725572538,3.23610219996371,-3.23705382435668,2.286852799602863,0.0004445103788787564,-1.4997528063795396,522.9695727051452,ITSC_B10
-0.0008661769710096002,1.954070950635385,2.76473878600643,-2.76375866228645,1.9540711426096087,0.0006378677524287095,-1.5002988652531286,381.8394030379622,0.0002318018193956406,1.9760315524152787,2.79713304037725,-2.80046978820263,1.9760315660112369,2.8529019174167585e-05,-1.4997584993659028,390.4700749872821,0.00032877901880510316,2.279521216049214,3.24022768779977,-3.22927435800157,2.279521239759378,-0.0017109974341211465,-1.500355375684764,519.6217082514131,ITSC_B10
-0.0005253646595033113,1.9567223578135988,2.7670431066598,-2.77393128447436,1.9567224283417497,-4.5265102723456844e-05,-1.4998315510564122,382.8762661575634,1.687288762168948e-05,1.9615308235029607,2.77384549214144,-2.78476255542281,1.96153082357553,-0.00036464797274287595,-1.4993155499488726,384.7603171836897,0.0007073690750331729,2.3047673101017314,3.26173371135351,-3.25994625146415,2.3047674186530362,-0.0006254366428186609,-1.5000851890044105,531.195285408458,ITSC_B10
-0.0006353715470328058,1.972713998722145,2.79144886205763,-2.79396800094419,1.972714101042348,0.00018178438990846136,-1.4999746612019378,389.16009244513185,6.567527053996102e-05,1.9695240371333091,2.78830482074052,-2.78789259095534,1.969524038228305,-0.00017791244398088554,-1.4995780807333638,387.902493715913,0.0009972817458645889,2.2896354959714555,3.2370797081515,-3.24440710931159,2.28963571316123,-0.00039315034986949594,-1.5000195784508357,524.2431698983336,ITSC_B10
-0.0014787863129863022,1.9687874311905602,2.79222860520648,-2.78676094252092,1.9687879865599762,0.0011293371292489646,-1.5005337072382938,387.6126136022885,-0.00020179869474484357,1.9602924849991843,2.77524295895833,-2.77920993001562,1.9602924953860814,-0.00037765985745728315,-1.499324582852752,384.274666746699,0.0008309636592253277,2.2970071902036513,3.25755450450474,-3.25270625608023,2.297007340508052,-0.0015542074599219815,-1.5004028604912572,527.6242722347874,ITSC_B10
0.00193421222912463,1.8796369923309917,2.65808187327386,-2.66256329568227,1.8796379875167566,-0.0010457157682328916,-1.4996364799158444,353.3038964116043,-0.0007677814619067824,2.0393933263954125,2.88733716213774,-2.88793427976832,2.0393934709208326,0.00013246287675211193,-1.5002876197991324,415.912572923452,-0.000648844292130244,2.2048152073100282,3.1204323616633,-3.12211541460352,2.2048153027826345,0.00015780300517881493,-1.500067286158517,486.1210519384479,ITSC_B10
0.0007419342325405287,1.8990489831436912,2.6883432132933,-2.69299863445416,1.8990491280758093,-0.0004197529444244558,-1.4997286006871093,360.6387590845492,0.0001020459936313456,2.039000255863039,2.88496956329635,-2.88829567581903,2.0390002584165905,0.0008189448937808687,-1.5003291403113874,415.75220538229223,-0.0004801498716178321,2.203465033615105,3.11895193866963,-3.11363103029896,2.2034650859290497,0.001007958002680852,-1.5000437914861022,485.5258384908315,ITSC_B10
0.001276699397079124,1.8987638877638644,2.69695147200999,-2.68613402848763,1.898764316980255,-0.0007866404682859128,-1.499670567316747,360.53059314374946,-0.0006580032974477046,2.0433820537168024,2.88869752558649,-2.8884235032702,2.0433821596608492,0.0006642116964525758,-1.5004681947091392,417.5410650420236,-0.0008317109182961835,2.2078031836968024,3.12552030719066,-3.12361695428287,2.207803340355474,0.0005613340203725011,-1.5001327979225014,487.43955896847893,ITSC_B10
0.0009366284986443629,1.9087080106200038,2.70491193650929,-2.70465079034257,1.9087082404280429,-0.00036653968778112565,-1.4998631243151441,364.31671470779156,-0.0006105814665530795,2.0366414818682954,2.88437314827258,-2.88124791187624,2.0366415733939083,0.00027241093862783876,-1.5002919903018377,414.7908898476413,-0.0003138455530938833,2.2048362210892964,3.11994942025749,-3.11708627720144,2.2048362434263367,0.0006590894990019868,-1.5000720497019528,486.13028603263604,ITSC_B10
0.0008213900035648836,1.8916294142936227,2.67538585259902,-2.68083455827784,1.891629592627048,-0.000415947703586534,-1.4998653501009314,357.8262515702372,0.00034347899537335414,2.042263407004776,2.89253698971444,-2.90256121540573,2.042263435888861,0.001012861645881726,-1.5001477716477971,417.0839941568576,-0.001007672184733749,2.205513449285247,3.11896650819216,-3.12002864849276,2.205513679481798,0.0009474625800172471,-1.500225654492226,486.429059038134,ITSC_B10
0.002341768372712858,1.8943143208865871,2.68858161221483,-2.68101490855534,1.8943157683435787,-0.0012665856602330414,-1.4995076115687962,358.8432230195123,-0.0013379662190164266,2.0413041951399253,2.90297362613103,-2.89185326610156,2.0413046336226888,0.0003043819443850806,-1.500314723026851,416.69246072494605,-0.000661081193043116,2.2100165058576926,3.12399500306108,-3.12318909899501,2.210016604732143,0.0006575541700558572,-1.5002056000960928,488.41733931917895,ITSC_B10
-0.0001803373113966833,1.9033615798632504,2.69395549234456,-2.69411041259394,1.903361588406437,0.00016250800397791604,-1.5000231831326076,362.27853362210743,0.00011779502938472186,2.0493623655857074,2.90576463391748,-2.90501646286186,2.04936236897107,0.0013043655803466774,-1.5001966474526611,419.98861193547157,-0.0007965116699762398,2.2072731178698373,3.11832330417334,-3.11584645670201,2.2072732615835475,0.0010218278123412946,-1.5003225730797185,487.20552513016713,ITSC_B10
0.0017724943911286628,1.892820892579216,2.67887264249751,-2.679687059743,1.892821722487553,-0.0009532253174843753,-1.4996628530653686,358.27740731207473,-0.0005223725974754622,2.045168448345675,2.89514384769807,-2.89360289615408,2.045168515057326,0.00018781880965641182,-1.5001287194327388,418.27142549817887,-0.0005341601617836656,2.2146473983037245,3.12977798710607,-3.130092431505,2.2146474627218966,0.00025742645305124425,-1.500141500378854,490.4663384140535,ITSC_B10
0.0006593431010560203,1.8978265386410746,2.68399097421215,-2.68343970370261,1.8978266531755967,-0.0003341507426897358,-1.4998747550546985,360.17460055036867,-0.0007734068053649912,2.045123916178471,2.89096677266338,-2.88994561285644,2.0451240624185254,0.0005887012508461064,-1.5002686851095475,418.2532430683252,-0.0005992677210307006,2.2164004836710935,3.13620712342013,-3.13203075276339,2.216400564685738,0.00043836359611133184,-1.5002174638829988,491.2431463139258,ITSC_B10
0.0019618452316908373,1.9034320944559584,2.69423123428214,-2.70322610426661,1.9034331054811748,-0.0009624503059766183,-1.4996272331997602,362.30575870417096,-0.0005293029009976636,2.039635760181933,2.88250060410605,-2.88205777145625,2.0396358288612437,0.000595510733575348,-1.5001711681156669,416.0114314374493,-0.00018409169240925062,2.2142862711457463,3.13315963773792,-3.13701647478124,2.2142862787982684,0.0010648676935468638,-1.500315756662736,490.3063724474284,ITSC_B10
-0.00010511177725513133,1.8999835301339827,2.70970716194349,-2.70488313279716,1.8999835330415038,-0.00019875101713610332,-1.4993213281968212,360.99374258288753,6.914097317668677e-05,2.068321955052896,2.93526434708435,-2.93944385489265,2.0683219562085364,0.002855148663477305,-1.501213233470042,427.7955714534308,-0.0021201007189768917,2.2349034954414506,3.1625488784669,-3.16895056521727,2.2349045010387965,0.00046065338643753453,-1.5002368828913364,499.4798128763471,ITSC_B10
0.001232049579623542,1.9167813302494965,2.71844319908053,-2.71277916754279,1.9167817262117237,-0.0007031583541758825,-1.4997275934108663,367.4052185939196,-0.0004600951474220949,2.0615058671322144,2.93042114684775,-2.91498536512847,2.061505918475154,-0.0005289457892293546,-1.4998930855628418,424.98066519080885,-0.00039692293891322003,2.2492772981964557,3.18175935042617,-3.18823447613275,2.249277333218331,0.0006096208011612147,-1.5000223673709447,505.9248521729766,ITSC_B10
0.0010212954731367763,1.9192085088167221,2.71779878246664,-2.72091883872301,1.91920878055488,-0.0004693565709739649,-1.4998336164104162,368.33623433589497,1.9350842616896456e-05,2.075849343916004,2.94318639905321,-2.94250804803956,2.075849344006197,0.0012121419193772895,-1.500345006132824,430.91504990109587,-0.0007623327295937211,2.2378195680226076,3.16653372966712,-3.17476860236938,2.2378196978702465,0.0004890090815050884,-1.5001568829393368,500.78370001760806,ITSC_B10
0.000855198542001907,1.9184316062330407,2.71438079026798,-2.71736089751193,1.9184317968482565,-0.000414292396236835,-1.499836018368694,368.038055915843,-0.001048768952277228,2.0667528643587043,2.93535493332654,-2.9255148811927,2.066753130456375,9.601807738840298e-05,-1.5002972717333631,427.14685022512253,-0.00029077483975925355,2.24792077039807,3.17993953363796,-3.18070763701596,2.2479207892043394,0.000505684772927936,-1.5000833961883557,505.31478745370595,ITSC_B10
6.542660372197861e-05,1.902117703145498,2.69410174136309,-2.70409188547799,1.9021177042707285,-1.8140036192446094e-06,-1.4999292387374572,361.80517609001464,0.0005713375602251491,2.0703075503056043,2.9338486994882,-2.93968031974441,2.0703076291408964,0.0006036763484646104,-1.4999829238451692,428.6173679279,-0.0008197259123056122,2.2423956573652686,3.16897692310672,-3.16986920631937,2.24239580719399,0.0009310807286660584,-1.5002419610071065,502.8338956121187,ITSC_B10
0.0023943802031434467,1.905114847713699,2.70791427070758,-2.70334582372272,1.905116352361647,-0.0012765617497744067,-1.4994246860324203,362.94683160357476,-0.0012443622429763046,2.0701717175675656,2.93761945903998,-2.92990679799062,2.0701720915552007,0.00044161201714989004,-1.5003537615870854,428.5612488654035,-0.0006718640814885901,2.2433044980699703,3.16820198976865,-3.17029937435345,2.2433045986807736,0.0006336252781074185,-1.5002194901608064,503.24155224623064,ITSC_B10
3.677410786298463e-05,1.9134182379541704,2.70835971950145,-2.71037384196252,1.9134182383075524,1.3288849894045496e-05,-1.4999596003380928,366.11693546879775,-0.00016216539259387598,2.0640130313639964,2.91614139590896,-2.92274030925662,2.0640130377345023,0.0009094370231532979,-1.5002271110906518,426.01498199380075,0.0006099405719880635,2.2399305205173974,3.17176383972671,-3.17190323692243,2.2399306035618247,0.00041780802452681567,-1.4999025863599817,501.72891087728397,ITSC_B10
0.0011132652962055857,1.9045801409514178,2.69021957894295,-2.69209990918525,1.9045804663143384,-0.0005939628653283434,-1.49979713929628,362.74267526661424,-0.0007584403569119669,2.069576939565021,2.92868707211673,-2.92912454139784,2.069577078538292,0.00013287924598303494,-1.5001725481594943,428.3149284011093,-0.0010846951638909085,2.2376558468512244,3.17085694468667,-3.16667349402521,2.237656109752137,0.00034766361249286297,-1.500229861918555,500.7104865511067,ITSC_B10
0.0005951920142178535,1.913344150757755,2.70571045820528,-2.70874653157394,1.9133442433321948,-0.00028372400985400103,-1.4998917631582882,366.0886193492449,-0.0005697201221206072,2.0552043129226267,2.90366970807224,-2.90328500219137,2.0552043918882577,0.0008631738359685395,-1.5002354197504195,422.3865092436783,-0.00036429691871903814,2.2362262220457825,3.16069144657513,-3.16502742242157,2.2362262517190428,0.0006804498836064802,-1.5002208272536737,500.0707848877399,ITSC_B10
0.0014864297612488687,1.9221086660889113,2.71754848298352,-2.7247988558655,1.9221092408413027,-0.0007409446547001395,-1.4997375815617178,369.4503933727529,8.534300905131964e-05,2.069256342090153,2.92596530670719,-2.92749779971142,2.0692563438500677,0.00029154895575933396,-1.5000285046751898,428.1821816563749,-0.0004078980009877886,2.2460202175509716,3.17714404197607,-3.1781224610567,2.2460202545899914,0.0003039314387068523,-1.5001526056188346,504.46069840284906,ITSC_B10
0.0004159251878584369,1.9422079717282001,2.74722163303802,-2.74687571889265,1.9422080162635333,-0.00020343895726431888,-1.4999264007653716,377.21719784383293,-0.0009286878496873863,2.0957193862877013,2.97820460486008,-2.97138301156867,2.095719592055011,-0.0004801352204259851,-1.4999651364258677,439.20406085232224,0.00024818994626234605,2.252341012834745,3.18424290226024,-3.18424780978468,2.2523410265090176,-0.0003459673639596984,-1.4999193965677948,507.3040099695696,ITSC_B10
-0.0010366083504713775,1.9416187863114898,2.74732044336894,-2.74748525146426,1.9416190630282182,0.0005707812652220802,-1.5002007460379796,376.9884585914576,0.0007819777906691572,2.087987791361775,2.95658143382537,-2.96515560059733,2.087987937792048,0.0001943352197887935,-1.4998453188921792,435.96936283650894,0.0007296350397858609,2.2454141917670323,3.18274859986803,-3.17756631512643,2.2454143103124835,0.0003279360293740716,-1.4998714047404609,504.1885424956086,ITSC_B10
-0.0005477695450733844,1.9331384082933427,2.73295639100619,-2.73585122487089,1.933138485900685,0.00026638990813087856,-1.5000979808712085,373.7024405670393,0.0005483229825877723,2.1048227887770405,2.97907461679565,-2.98225947037946,2.104822860198276,-4.5635104755506874e-05,-1.4997951311229203,443.02792728132516,-0.0001879666047643813,2.236538216194394,3.16750323324334,-3.17512391751055,2.236538224093084,-0.0005810082191162135,-1.499948519110497,500.2103227829446,ITSC_B10
0.000600357321473326,1.9383632867854164,2.74765528874812,-2.74439960100483,1.9383633797579018,-0.0003557288111234445,-1.4998376334564854,375.72525919864756,-0.0006274544626901113,2.100566886172451,2.98260275987629,-2.97748317781148,2.1005669798850333,-0.0006686877759112503,-1.4998854330768416,441.23816369833304,0.0006994626493200895,2.2412276072991753,3.17645553678308,-3.1717568741105,2.2412277164464984,6.026676864131448e-05,-1.499855763183048,502.3101676967985,ITSC_B10
-0.001146090378806184,1.9442604698081767,2.75093010391353,-2.75002806526681,1.9442608076032053,0.0006338693537712497,-1.5002233703036483,378.01500879818684,0.00012975990877744925,2.086878208451305,2.95264461624387,-2.95504501374754,2.086878212485473,2.3917048660608517e-06,-1.4999498251591723,435.5060673746562,0.0005688700693541848,2.227431033686933,3.15121135440301,-3.15112610751896,2.22743110632962,-0.0004734036120426277,-1.499876089652064,496.14493334447945,ITSC_B10
-0.0010404935349872524,1.9326555186234577,2.73410282683055,-2.73934361766805,1.9326557987113235,0.0006539093062502301,-1.5002432300262973,373.51584362925036,0.0011807639137421445,2.097123999274768,2.96896561972624,-2.98103783980229,2.0971243316831782,-5.577286179794824e-05,-1.4995773355754416,439.79304625376176,7.564441985081549e-05,2.227754990539537,3.15342989038208,-3.15292944182444,2.2277549918238075,0.0002946576900756672,-1.4999860991027678,496.2892303595892,ITSC_B10
0.0008727070719702378,1.9150062122511775,2.70887974771242,-2.71330146578266,1.9150064111063008,-0.0004822108815770197,-1.4998386539161561,366.72495545782346,-0.0011364647216984892,2.1033166370463774,2.98781034246757,-2.98278509714864,2.103316944073847,-0.00017032776511120991,-1.5001348130669028,442.39421672281463,-0.00017018075134952348,2.224174060904475,3.1485314629996,-3.16040234510706,2.2241740674150914,-0.0006529955518019111,-1.4999811478636764,494.69502821617914,ITSC_B10
-0.00023725828494185474,1.9293738093847834,2.73723654505231,-2.73338991848858,1.929373823972805,2.5278171183150833e-05,-1.4999055659953218,372.24833526314444,0.000665089120429152,2.0874599762747574,2.95274534826404,-2.95648529580388,2.087460082227334,-0.0005007246580991232,-1.4996092187178178,435.7489594892548,0.0001835808477468892,2.2405548667518413,3.17065118941368,-3.17391250026771,2.24055487427273,-5.432524982838105e-06,-1.499947455201595,502.0086144627289,ITSC_B10
-0.0009067012195411461,1.938440938562659,2.7429517483099,-2.74102997853428,1.9384411506163362,0.000531045137585645,-1.5001893124404613,375.7554094402785,0.00032116399260962103,2.099809308873318,2.97168666883675,-2.97538065318624,2.099809333434193,0.00042865319985614306,-1.500071502883829,440.91992367773514,-4.615353799142907e-05,2.2317779931764017,3.15817929045836,-3.1691835950138,2.2317779936536324,-0.0005279746377487074,-1.4999782755199744,498.0833012956634,ITSC_B10
-0.00014920726917767358,1.932472763827194,2.73966034194688,-2.73150742949338,1.9324727695873811,-3.088321687197927e-05,-1.499952059913258,373.44510051967234,3.01802437555998e-05,2.104537256360201,2.97646334448996,-2.97581250857558,2.104537256576602,-0.00014566000557830852,-1.499909924912105,442.90770643189694,-0.00020868470547137475,2.2488384474021186,3.1824711017089,-3.18372587040844,2.248838457084741,6.116269408095107e-05,-1.5000170568671007,505.7274406063277,ITSC_B10
0.0007472485312410581,2.5345803761622396,3.5845440582965,-3.59387144419412,2.5345804863146655,-7.495936795680681e-05,-1.4999302459606114,642.4098241607086,-0.0026950325961294717,2.043231053363309,2.9262711751305,-2.9235376059929,2.0432328307436793,-0.0017511515955798472,-1.4992980641410585,417.48004006288295,-0.0012123965264720727,2.6998384369341037,3.82906312755706,-3.81947421599406,2.6998387091550713,-0.0003201489936802815,-1.5000525776265965,728.9129055452122,ITSC_B10
0.00021019233523594138,2.5178665744110513,3.5682919064878,-3.56183757606028,2.5178665831845137,-0.00013784404387302447,-1.499930086859461,633.9652130717259,0.0018770069713064542,2.0150229418347974,2.89161156986252,-2.89594943359497,2.0150238160567064,0.001729257796698575,-1.499260448120914,406.03209792757303,0.0001452761484884757,2.671343623680254,3.79690647369763,-3.79813519034548,2.671343627630543,0.001700261122578465,-1.4993791907026983,713.6076776882309,ITSC_B10
0.0006333430245658222,2.5254127794589025,3.57575281110818,-3.57715736377632,2.525412858876292,-0.0001863598316087808,-1.4999283498048512,637.7710107777726,-0.0023979335696521775,2.0282963219859202,2.90402674458083,-2.88984015112021,2.0282977394522277,-0.0007731434282275843,-1.4997762757357065,411.3991719867017,-0.0003575442398501316,2.6635275185358727,3.77384887220977,-3.77194261181356,2.6635275425337253,-0.0006629355365707969,-1.5001488834660364,709.4378969835747,ITSC_B10
0.0007726567004966789,2.523004560463344,3.5732568568866,-3.56820778317971,2.523004678774339,-0.0003264391212269496,-1.4998749234699367,636.5552609117206,0.0016695983926494585,2.0150218091857255,2.86724384475892,-2.87609547077483,2.015022500880054,0.0005426790783140783,-1.4993728956701857,406.0315679052907,-0.001142319918750503,2.6667774489506684,3.77369685448869,-3.77116220079612,2.6667776936082674,0.0011949379750360758,-1.499800420470258,711.1703267126632,ITSC_B10
0.0007475158564712992,2.5154086570323204,3.56461161255487,-3.56018518702173,2.5154087681037245,-0.0003330340362650049,-1.499861063813695,632.7281270653098,-0.001885627881342733,2.021482817419726,2.87946723075769,-2.86924787231314,2.0214836968711127,-0.00025712088196841167,-1.500242635842616,408.63963367157004,0.00031280132599621036,2.67134269758463,3.77928781916532,-3.78099852579501,2.671342715898392,0.0001896054764375718,-1.499881824050596,713.6071905783396,ITSC_B10
-4.748797385926817e-05,2.5135548941046992,3.55540711629998,-3.55573980507741,2.5135548945532884,2.686884382858002e-05,-1.5000076287396493,631.7958207932793,0.0003398980234835114,1.9962884265642609,2.82407559794672,-2.83740334296333,1.996288455500627,0.0004911937549343767,-1.4999673362399628,398.5167597565079,-0.00026553724995487027,2.6511542655435734,3.75402716558803,-3.74634425586825,2.6511542788415605,0.0005124131971667387,-1.4999158995015576,702.8619010219916,ITSC_B10
0.0011112364082264702,2.5108992953327434,3.55304960792931,-3.55315164977743,2.51089954122996,-0.0004515998856827115,-1.4998342291239426,630.4616506148824,-0.0014082308462623483,1.9986084784907119,2.84295960375146,-2.83574020047702,1.9986089746143627,-4.375458435710217e-05,-1.5002220024081596,399.44378334090743,-0.0005497604965686276,2.6554634616937403,3.75366111001588,-3.75547030106172,2.6554635186021875,0.00023653898859281086,-1.4999884657797649,705.148649862711,ITSC_B10
0.0005755278612863713,2.5143166368537866,3.55810232776542,-3.56563442717846,2.514316702723039,-0.0001599435395269197,-1.4999454599573854,632.1788481592054,0.00021733969757512517,1.9847381856770117,2.80807316686109,-2.81653985811616,1.9847381975769551,0.0006951831373499002,-1.5001225920116668,393.91857129210206,-0.0012598607859310284,2.6591995302377147,3.75941850421861,-3.76225486316781,2.6591998286826217,0.0008879339004027073,-1.4999413569687117,707.1343728865684,ITSC_B10
0.0010316428530389298,2.509893533076817,3.56516809230298,-3.55559085429916,2.5098937450951584,-0.000521159523078708,-1.4997230313217718,629.95666116678,0.0004984029071832797,2.00501209900405,2.84188026613846,-2.83890230372167,2.0050121609501734,-1.0260803190793517e-05,-1.499869680554116,402.00737655580843,-0.00013685415692362923,2.659393747697477,3.76470932762329,-3.76423268755372,2.6593937512187793,0.00042306213077835227,-1.4999180777567687,707.237512402149,ITSC_B10
0.0005658222410623681,2.5056379446329387,3.54538160395648,-3.54395638013449,2.5056380085198233,-0.0001953143671412826,-1.4999262014913866,627.8221829739185,-0.001659041972431281,1.989000696686627,2.82570673003429,-2.81346016814057,1.989001388596839,0.0010814407702429763,-1.5005596553195468,395.61265238401535,-0.0007172228473475672,2.655257296677516,3.75499898459629,-3.75500332710594,2.655257393543572,0.000605403462478445,-1.4999794910849473,705.0391825967804,ITSC_B10
0.0007414160455499496,1.9544466673890784,2.76930186829786,-2.77338795813078,1.9544468080165363,-0.000428771330091616,-1.4998153345751455,381.9862325366027,-0.0014562502959961643,2.3414037783276,3.33756764727111,-3.31941056745971,2.341404231189413,-0.001232049099989342,-1.4995467165303182,548.2173773831686,0.0020880129103089807,2.7137784602415578,3.86319038079362,-3.87584247709708,2.713779263512225,0.00048044182790737153,-1.4995365575764696,736.4597891068955,ITSC_B20
-0.0012928536857249285,1.9711982012107538,2.78780347940305,-2.78883750678007,1.9711986251839675,0.0007433581445750071,-1.5002259940409455,388.56240199271633,0.00033362983052345643,2.3116789938737323,3.26896718319131,-3.27267264793591,2.311679017949061,-0.00018356285551775138,-1.4998799951303634,534.3859882025935,0.0008821422877961127,2.6985278108377284,3.82447413190796,-3.82184815795516,2.6985279550228265,-0.00016414975166831048,-1.49968993884126,728.2053124039678,ITSC_B20
-0.0005048690716302362,1.9441190789066587,2.76020534542309,-2.7546528891785,1.9441191444614847,0.00013275763353498234,-1.4999858982413705,377.9599247861655,0.00044797395941335914,2.3208427787460533,3.27925289594382,-3.27988741099747,2.320842821980491,-0.0005212153877869912,-1.499491753613355,538.6311404338369,0.00010603239785762163,2.6871056244794214,3.81237561678691,-3.80220717030784,2.687105626571425,-0.0007807133822487695,-1.499717714996074,722.053664835181,ITSC_B20
6.646449243114639e-05,1.9683588499597846,2.80175699771312,-2.79958916048086,1.9683588510819192,-6.38390898145691e-06,-1.4997266608991044,387.4436566632533,-0.000489522850537969,2.3058526666810097,3.27027738899711,-3.26958283059502,2.3058527186428335,-0.0003263394666298148,-1.4999463090708758,531.6956760072546,-0.0003635156677714657,2.698950315781808,3.8213290531143,-3.81658406212427,2.6989503402623702,-0.00012374037523974624,-1.5000358934564864,728.4332939202363,ITSC_B20
-0.0029839923817485082,1.979894599378138,2.80276311426716,-2.80526488375555,1.9798968480345764,0.0015777560244578511,-1.5004811113084386,391.9991528857251,0.0022304163670435815,2.345870841556494,3.33290630976438,-3.3408813277048,2.3458719018783065,0.00045638902788680563,-1.499245164854893,550.3114980022143,-7.865147009623374e-05,2.721059247220643,3.85296652133015,-3.85555035796408,2.7210592483573426,-0.0003251738676795177,-1.4998671350977189,740.4163433071026,ITSC_B20
-0.00029809378159694865,1.9566921787429277,2.76968366318338,-2.77028516384663,1.9566922014495913,7.741227672059194e-05,-1.5000220360878864,382.8644371213648,-0.0005801302988526147,2.3338506033657866,3.31226146794449,-3.30947793918866,2.333850675467908,-0.0009491678841913611,-1.499396297627883,544.685897538201,0.0006081320784237354,2.7181063691733804,3.85870786785856,-3.85265488785947,2.7181064372032084,-0.0015632227309774916,-1.4995040038124123,738.8102603965519,ITSC_B20
-0.0015565883692445182,1.9597225171107362,2.77779182800095,-2.77759664610614,1.959723135302074,0.0009202596112804885,-1.500290091768107,384.05147670381916,-2.2092549315775312e-05,2.3351491853225412,3.30770855597853,-3.30480327059777,2.3351491854270487,-0.0002589321953790429,-1.4999291999305382,545.292171820061,0.0005557347032027493,2.7328189149214293,3.86246654131205,-3.86493289322783,2.7328189714273794,-0.0002649882945700628,-1.499798494620952,746.8299530593399,ITSC_B20
-0.00022092587248552232,1.947761335654274,2.75779453815654,-2.75755238283919,1.947761348183592,8.597180432832568e-05,-1.5000133800030517,379.3774269477964,0.0007480524855691018,2.3271305658839023,3.30004512731699,-3.29700098968698,2.3271306861140513,-0.0005756352669291913,-1.4991489503183981,541.5537230253655,0.0010470724714672331,2.722784140516222,3.84801273586417,-3.85085461165956,2.7227843418470403,-0.0003770262448375821,-1.4997777102769014,741.355457220742,ITSC_B20
-0.0007516792971861497,1.9477615488514273,2.76163878423981,-2.75301352021707,1.9477616938952969,0.0002923057388151304,-1.5000723188688325,379.3775616205876,-0.0008545336319830077,2.311264472225701,3.26680452645055,-3.28839373663627,2.3112646301971735,-0.0007522510635325123,-1.4996467178348036,534.1944190800476,0.0006535517856183027,2.708200703847146,3.83009016151547,-3.82749153462422,2.7082007827057644,4.3421203420425296e-05,-1.4998810262944162,733.4351479448114,ITSC_B20
-0.0015778189483110516,1.9537391911271467,2.76633765901633,-2.76803572711313,1.953739828241926,0.0009379052304288811,-1.5003269854952328,381.70993164587907,0.0012486510529745476,2.331232368754116,3.30468198837512,-3.31441011424366,2.3312327031543587,0.0003656653346506218,-1.4996147731167804,543.4645916256379,0.000929789606977478,2.6937559746234703,3.81099169890692,-3.80691990575851,2.693756135088764,-0.00021860328420229028,-1.4998325367720238,725.6322115328355,ITSC_B20
0.0006558514478095301,1.9592486298446166,2.84152422797771,-2.79814758671418,1.9592487396165728,0.0014851501014129086,-1.5002849183180258,383.8655623689129,-0.0014636399718153115,1.938156811577361,2.74946296860534,-2.77613534110057,1.9381573642265713,-0.0014331594285295602,-1.4991714947340309,375.64539685056906,0.0025674783358413133,1.9660339510748894,2.84299529478037,-2.83507863912443,1.966035627531746,0.0019640572431097944,-1.4981920277815688,386.5296088724147,ITSC_B20
-0.0004909330040523141,1.9406345914612009,2.74500443048088,-2.74982333671742,1.9406346535582106,4.102351826144289e-05,-1.4999183162503842,376.6062858590996,-0.0003136052407674983,1.9307341621919865,2.73313216851117,-2.73673453583397,1.9307341876611184,-0.0005199695148123896,-1.4995405919019689,372.77345034034386,0.0002555094085377307,1.9546551177200402,2.77431633505609,-2.76695222181685,1.954655134419932,-0.0012924440775440257,-1.500348447154701,382.06766945142033,ITSC_B20
-0.0003517138542667375,1.9453346715999502,2.75309649125807,-2.75344578015256,1.9453347033946422,0.0003541570971202406,-1.5001787246243388,378.4327108231521,0.0003513471928410983,1.9168456407409036,2.71127755330558,-2.70987607448508,1.916845672940901,-0.000545023911505414,-1.4992318528422017,367.4297333872255,0.0005999849732788953,1.9639247221859917,2.78138836008795,-2.77976447821236,1.9639248138346064,-0.0002242607369650933,-1.4999789133106534,385.70006743952933,ITSC_B20
-0.0010539202135933846,1.9403678551456207,2.74467281630485,-2.74324291455208,1.9403681413665377,0.0006856771372430618,-1.500300972910566,376.5028524030232,0.0006603858916115124,1.9320471402531842,2.73456281575023,-2.7332070879002,1.9320472531152113,0.00022392453421098048,-1.4998259104797294,373.2806588270034,0.0005607950469780087,1.9508447871428356,2.75820343677361,-2.76342368369809,1.9508448677466539,-0.00024375613493010447,-1.500018361196978,380.57956980134594,ITSC_B20
-0.0017653720170082376,1.9400051704957195,2.74193826448593,-2.74083891499459,1.940005973724948,0.0010711070784988716,-1.5004404728701712,376.3623178088484,-0.0005663818938695697,1.9328654512173218,2.73209614767074,-2.73433870511324,1.9328655341999328,-6.848144993960625e-05,-1.5002673985347443,373.59691732979917,0.00017479198190372802,1.9517038030203253,2.76122436710517,-2.76039277739063,1.9517038108473934,-0.0003340720989241059,-1.5000998112645954,380.91477652762376,ITSC_B20
-0.00019291198542366938,1.93964631838399,2.74175111102353,-2.74184141602909,1.939646327977243,0.00031580297263901757,-1.500176091518959,376.2227877635602,0.0005236159651359307,1.9244228130700787,2.7229109306913,-2.71677403239917,1.9244228843053788,-0.0003124865451240216,-1.4991560207644952,370.3403437638233,0.0003072404811859819,1.9546254535136125,2.76437509151781,-2.7648607231207,1.9546254776606204,-0.0004160652398186202,-1.5001102498557635,382.0560757920009,ITSC_B20
-2.645751402422736e-05,1.9344209956108238,2.73232132716667,-2.73420481329936,1.9344209957917566,-0.00012095245494456206,-1.4999181777298005,374.19845889599713,0.0005944157979569064,1.9405716374899558,2.74768524015212,-2.74465722256975,1.9405717285275976,8.356441942921269e-05,-1.4996916049330637,376.5818633560588,0.0006483692218863801,1.9540005240297895,2.76477309999044,-2.76271571886958,1.9540006315995244,-0.0008496724147674222,-1.500253428918677,381.811846829134,ITSC_B20
-0.000545559059119296,1.9445888662815185,2.74768178792351,-2.74910488862365,1.9445889428104668,0.00011677022046873431,-1.499959900804891,378.14261565007286,-0.0007495453942675967,1.9343209390583995,2.74352746368467,-2.74770342683821,1.934321084282045,-0.0007133321541958484,-1.4994005945988849,374.1598057098067,0.00030469674355905864,1.9665261236611957,2.78271621855172,-2.78373381931135,1.9665261472662992,-0.0008343801920570309,-1.5002501295381538,386.7225087882034,ITSC_B20
-0.0010642271660681723,1.9456875522185713,2.7488453038597,-2.74842480573731,1.9456878432671971,0.0009212293155883631,-1.5004428563800845,378.5701183437757,0.0004873390323240312,1.9229903640536743,2.72508184645088,-2.7172520315838,1.922990425806279,0.00018272240748076044,-1.4998073118237623,369.7892177742615,0.0012546953485402356,1.9522814200837493,2.76419653855477,-2.77477225934379,1.9522818232685153,0.0001624145610147387,-1.4996832957057422,381.14043174646383,ITSC_B20
-0.0011495022369046382,1.9360272473665738,2.73553841599445,-2.73777341494812,1.9360275886208815,0.0008645430379477227,-1.500408535886206,374.8202823901185,0.0002946363645477923,1.941958922492323,2.74990978316048,-2.75098570916821,1.9419589448436163,8.702345555219338e-05,-1.5000001237477905,377.12045434581313,-0.0001431500357155846,1.9426341249166656,2.75048782612384,-2.74925648479709,1.9426341301909302,-0.0003512317452317302,-1.500157039887139,377.3827363782672,ITSC_B20
-0.0016919657675385702,1.9142545295885627,2.7104136342694,-2.70883454485392,1.9142552773333261,0.0009881051668773986,-1.5002786151635947,366.4373266798489,0.0004604335888135536,2.452596259199093,3.47515408461173,-3.47994384782744,2.452596302418413,0.000392338560204757,-1.5000305671102294,601.5228622636473,0.002198688271560897,2.653869939289591,3.76062893085331,-3.78504487388977,2.65387085007825,0.00022322978505746478,-1.499434827401516,704.3030488895054,ITSC_B20
-0.0009577729792532085,1.8789884738477085,2.66195067091088,-2.66752077851011,1.8789887179495306,0.0004494107019353243,-1.50010765742374,353.05986021816204,-0.0007760901911836049,2.45077681195335,3.48118997463748,-3.47185969040712,2.4507769348360147,-0.0012212474138400065,-1.4993712662062868,600.6307584324211,-0.0001780864319863562,2.6419364648001618,3.74493534824354,-3.74049258124458,2.641936470802346,-0.0005437028466390886,-1.4998438067508824,697.9828315755555,ITSC_B20
-0.00024607456431348764,1.8939012868604184,2.70357216806236,-2.68802633520353,1.8939013028466505,-2.8575129148461697e-05,-1.49965554233988,358.686214492424,0.0001469251441643782,2.4147786946547,3.41846407578945,-3.41708646743673,2.414778699124467,-0.0006289538931815762,-1.4996133282698318,583.1156165745253,0.000990169537572575,2.6384683675813583,3.73065884126663,-3.74052668627927,2.638468553377726,-0.0005262646377690646,-1.499719545375865,696.151630716315,ITSC_B20
-0.002268531834671772,1.916561182230337,2.71332375075915,-2.71238160030655,1.916562524800282,0.001263783029176088,-1.5004327645686117,367.32119114688317,0.0011404986208673783,2.4419171301641676,3.45754682400166,-3.46233096398949,2.44191739649938,-5.2028391965741125e-05,-1.4995454668202672,596.2960571326311,-0.00019880418953240107,2.6505447995366986,3.74603308202099,-3.7493226658066,2.650544806992355,-0.00040362779727110844,-1.4998728517221138,702.5387773874141,ITSC_B20
0.0002830096850937114,1.9103427012996408,2.71353861575977,-2.70257683614102,1.910342722263021,-0.0002970625417955393,-1.4998306198747426,364.94093165032893,-0.00033979940831526,2.4273781045302294,3.4341951075653,-3.44382388063203,2.427378128313841,-0.00108809864049225,-1.4991805561125233,589.2164577816405,0.0011480365777430657,2.6496010014622238,3.74243526600418,-3.74525091652108,2.649601250176638,-0.001204327075394578,-1.4996372927252561,702.0386784937604,ITSC_B20
-0.0016267212736982772,1.9320298384605095,2.73419214585582,-2.73627569318926,1.9320305232898998,0.000898143954119261,-1.5002693203262185,373.2741942923844,0.0009242012210627304,2.428833668714131,3.4509938171703,-3.43993821967817,2.428833844549116,0.0002840817115749282,-1.4999629170048574,589.923384442724,0.001284527825677706,2.6416759140079478,3.74094176890295,-3.73621864980477,2.6416762263118967,-0.0006567830531050539,-1.4996901172101569,697.8453284661463,ITSC_B20
-0.001817996402947335,1.90998334082697,2.7033740595755,-2.71557164510793,1.9099842060466032,0.0011934273322074399,-1.5003849488128091,364.80396673474735,0.0011062391166252472,2.4600139466806237,3.48769938976751,-3.4931169140304,2.460014195411921,-0.0006159453904400592,-1.4989211803169404,605.1669841628161,0.0004663016755615135,2.6482528625105406,3.7503973772042,-3.75066464010563,2.6482529035635034,-0.0005994037574475071,-1.499827308429428,701.3243441232526,ITSC_B20
-0.0001533255857579796,1.8966681114260435,2.68433993590301,-2.68581959542264,1.8966681176234206,-3.461761153680606e-05,-1.4999501632102308,359.73499484091695,-0.0011161611041745068,2.4186152535386647,3.42072168287704,-3.44697873420174,2.418615511085941,-0.0006003320596213835,-1.4996393117544755,584.9700990465509,0.0010316150116468758,2.632220418167992,3.72161006708111,-3.73305111626393,2.6322206203223186,-0.0009407073832173564,-1.499831270225463,692.8585394050011,ITSC_B20
-0.002367611031443393,1.899523246827876,2.69225385809313,-2.69040166009758,1.8995247223507026,0.0016652114896608774,-1.500591041673168,360.81941708215135,0.0012646914545104803,2.449403534028679,3.47014883154962,-3.47311063319784,2.4494038605253845,0.00017900106013813186,-1.4996662004938823,599.9579271956657,0.0010698429885074546,2.6303105193507914,3.73605468255393,-3.72467973982604,2.6303107369228167,0.00018778312115286485,-1.4997442129850174,691.8534572771451,ITSC_B20
-0.00034175698500353845,1.873456501977718,2.65107297010834,-2.65684480415329,1.8734565331494684,8.309766880842364e-05,-1.5000149232256508,350.9839381600425,-0.00020734207931505155,2.439019507836352,3.44676668081054,-3.45477023210919,2.439019516649471,-0.0008630746911437092,-1.498893689074416,594.8816202597019,0.0002510044201253314,2.626993736225985,3.7244310977302,-3.72223096940682,2.62699374821749,-0.0010456544202504686,-1.499929210003009,690.1096153173777,ITSC_B20
0.0005963267997368682,1.933453435381363,2.74554678102566,-2.73650547492744,1.9334535273426272,-0.00048209371254662425,-1.4997866517897447,373.8242542393647,-0.0016968307384238157,2.4548649943044003,3.47645512223017,-3.49610469660802,2.4548655807387294,-0.0007530499689384762,-1.4998096464581199,602.63650194957,-0.0001599165698168803,2.6373503527732014,3.73185724879461,-3.72629079519658,2.637350357621497,0.00031456912271399674,-1.500068167539733,695.5616908846238,ITSC_B20
-0.0004146828188748319,1.9619578479895063,2.77775025157197,-2.78250266136958,1.9619578918135465,0.00022603862050708687,-1.4999707917961678,384.9278769249456,0.0010189407058825428,2.4379783945787543,3.47253975343263,-3.45337330127312,2.437978607509295,0.000318145488854878,-1.499797541785424,594.3739690672961,0.0004479425732600184,2.6335362479930606,3.72420104545273,-3.73027887344276,2.63353628608871,-0.0006265599175082995,-1.4998732852363508,693.5513370145916,ITSC_B20
-0.0005007984944508692,1.9437718065898857,2.74862119631118,-2.76255434240656,1.9437718711034069,0.0004064642202743678,-1.5001166588804413,377.824908689284,-0.0010640225229278765,2.462722859583964,3.49709538407269,-3.49143001663163,2.462723089440091,-9.020350611176886e-05,-1.5002612573874559,606.5005015261345,0.00010858471669887626,2.648980325760901,3.74716988013899,-3.75511425512199,2.6489803279864064,0.00020485134483308245,-1.4999419939487038,701.7096778058968,ITSC_B20
0.00026441977987258893,1.9444774175770292,2.76437430019829,-2.75693129468115,1.9444774355555923,-0.0002953431100867453,-1.4997206987985816,378.09924973848524,0.0012803572287989073,2.4305668759883514,3.47808826943903,-3.4456383191664,2.4305672132171963,0.0001625971519245739,-1.499367983396403,590.7656977966408,0.0006164978829803358,2.6287688153573727,3.71937455766198,-3.7212953911,2.628768887647799,-0.00045750183302362715,-1.4998779048217232,691.0425864665044,ITSC_B20
-0.00033055778603532373,1.9440033344267553,2.74917308984811,-2.76131299819791,1.9440033625307322,0.00024038722639355863,-1.5000602146000224,377.91490735307934,-0.0013622682653355734,2.4563788839976555,3.48558511280252,-3.49429683548545,2.456379261743673,-0.0004698406962096738,-1.4999101228554297,603.3799077524393,6.544461844624649e-05,2.6189001355663915,3.71208945490784,-3.69890359121135,2.6189001363841005,0.0006509628859465243,-1.5000162161407746,685.863792435266,ITSC_B20
-0.0003980876722726379,1.9676597074090916,2.80475347874671,-2.79935188037828,1.9676597476787054,-4.185429019823617e-05,-1.4994486545146097,387.1684882635027,0.0010169450419393589,2.4273757507027534,3.45400197041339,-3.43869209062709,2.4273759637264622,-0.000190122669281683,-1.4994395339241697,589.2154069276972,0.000220256117736386,2.624962322557364,3.71390812583214,-3.71914862200185,2.624962331798022,-0.0009110803362863717,-1.4998944984665594,689.0427243358508,ITSC_B20
-0.0009230204557972676,1.9556611740575747,2.77635264143705,-2.79025892647262,1.955661391878209,0.0007629337286301681,-1.500084051530522,382.4611479683014,-0.0009097190808084821,2.440668497922874,3.45845479806999,-3.46234478508802,2.4406686674642883,-0.00013544685218499244,-1.5001489533285575,595.6863544341904,-0.0006521061118482074,2.642178580102182,3.74178711825604,-3.74097462352744,2.6421786605741038,0.0002186850688204478,-1.5000710289623238,698.1108074393165,ITSC_B20
0.0002765997982679469,1.9507448124084075,2.75844223794828,-2.76354607807994,1.9507448320182115,-0.00013845012385044293,-1.4998743525548137,380.54053996457606,0.0009739207365277691,2.4294140108737845,3.45476945456017,-3.44434748289377,2.4294142060899064,5.325044006294609e-05,-1.4995898703671733,590.205338475145,0.0014071181665442146,2.6316006882208125,3.72441928193868,-3.72116454134782,2.6316010644141694,-0.0006896745197715728,-1.4997626781482254,692.532416222579,ITSC_B20
-0.001098546072180353,1.9269940854212066,2.731554841806,-2.74072472184858,1.9269943985522595,0.0008249256016760515,-1.5002458236893514,371.3307412051784,-0.0008063627011560226,2.435621035464123,3.44585833254276,-3.45480380731214,2.4356211689456413,-0.00011312119218028055,-1.5001545366403783,593.2250478616133,0.00015000435006978118,2.611081824811517,3.70194154910108,-3.68842401997003,2.611081829120326,0.0007346968318094477,-1.4999841075903673,681.7748318362347,ITSC_B20
0.0009679488552260773,1.9246190467457913,2.73409076045718,-2.73245821097028,1.9246192901510846,-0.0007524813976410404,-1.49954620178307,370.4159412021665,0.00076042350290493,2.4303358706333467,3.43868687718793,-3.44007490954485,2.430335989597128,-0.0006276905128238865,-1.4991368661195805,590.6533022331051,-0.0001734386787903519,2.6142796976228624,3.69811945406031,-3.70331642151505,2.6142797033760674,-0.0004144266993903581,-1.4999906898579038,683.445836748406,ITSC_B20
-0.00035566949885744046,2.490808044644607,3.52951559795691,-3.53287625605951,2.4908080700381325,-2.433257459660871e-05,-1.4999073642754497,620.4124841767085,-0.00278766106389833,2.4255141655570913,3.44284710251369,-3.44880588447821,2.4255157674961256,0.000569008712061184,-1.5009852781022779,588.312673837232,0.0008619807129674428,2.8614915198296274,4.05622412736282,-4.04054047999151,2.861491649658902,0.0009651246301360043,-1.499938427381417,818.8134461067623,ITSC_B20
0.0016418212412083744,2.483006090760976,3.510738692067,-3.50883282594502,2.483006633566067,-0.000725443501816559,-1.4997077576954636,616.5321942333094,-0.00038040505955673433,2.400111001128615,3.39820500960449,-3.39584351242372,2.4001110312747223,-0.0005783487633535978,-1.499769271607394,576.053296244661,0.0008077358093363607,2.8463294593343784,4.03065173079038,-4.02695137021609,2.8463295739446393,-0.00011889448891564399,-1.4998516804437196,810.1592043511872,ITSC_B20
0.0004833436015784942,2.4897803683390562,3.52713278330281,-3.52009094979222,2.489780415255049,-3.405575282258543e-05,-1.5000122951006314,619.9006516187604,0.0004301998650986949,2.4009774694086827,3.40126061904836,-3.40211506295585,2.4009775079496367,0.0006355700952936882,-1.500125730494034,576.4692993680047,-0.0034214889668366054,2.84063131024631,4.01587404890123,-4.03117040164688,2.8406333708063096,0.0022836152467918705,-1.5006069532172421,806.9197947338417,ITSC_B20
-0.0008926224697421769,2.486913417296163,3.51974332162033,-3.52701514237847,2.4869135774896862,0.0002087740933349106,-1.4999812825971008,618.473914190255,-0.0011395913268582114,2.402375381776707,3.4011728583017,-3.39941176984832,2.402375652065091,0.00010799210359204276,-1.500400369116209,577.140877363517,-0.0005330204315846366,2.877573745841193,4.07435574516829,-4.07162500381652,2.877573795207569,-0.00043701002924475174,-1.500006108274159,828.0430946865293,ITSC_B20
0.0017152260192208502,2.4837267334001014,3.51419933431194,-3.50971981205012,2.483727325655261,-0.0006309775860519678,-1.4997983543129574,616.8901428206635,-0.0011579179079093027,2.371317388882994,3.36844221965467,-3.35352174619876,2.3713176715895194,-4.8638757570654155e-05,-1.5001659647780734,562.3147499592741,0.0010670979427852877,2.8535588238988767,4.04851985160078,-4.0478541125395,2.853559023421307,0.0006035595782053556,-1.4998128248467841,814.2799100149161,ITSC_B20
-0.0002618790986398167,2.48903957950053,3.51949393464666,-3.51960103762255,2.489039593277061,9.08696589337024e-05,-1.500005566994428,619.5318096900837,0.002372836925485651,2.3940185240355083,3.40700361438057,-3.40886364775207,2.3940196999565875,9.4111070511651e-05,-1.4990873864164385,573.1330323780228,-0.002554734393923347,2.8667598931064884,4.07379976539896,-4.07412830952123,2.8667610314415377,0.00018040870383319557,-1.5002668961876795,821.8318811391749,ITSC_B20
-0.0006376763617640124,2.4762956890424213,3.50077284135745,-3.50928708943091,2.476295771147143,0.0001638604541727464,-1.5000289608626733,613.2040746201224,-0.002117231625185123,2.397397445677911,3.40606559793076,-3.40155567624863,2.3973983805810675,0.0002166166695114781,-1.500593886129213,574.7518995212724,0.0006006581586524029,2.8888663613865755,4.08779839201206,-4.08538076510428,2.8888664238315234,0.00021530194866132042,-1.4999334145198797,834.5549214741136,ITSC_B20
0.0013462520183872327,2.478991347019045,3.50529299279904,-3.50648226267168,2.47899171256981,-0.000551617875180117,-1.4997804688416416,614.5399910989798,-0.0005229308095366436,2.3619525934141317,3.35260404039108,-3.3416192468361,2.361952651301963,-0.0005485866886412377,-1.4998027739482438,557.8820326992372,0.000779314916951902,2.8559940540472804,4.04000744969822,-4.04940422890096,2.855994160373085,0.00035725166837714226,-1.499893509994725,815.6702644085161,ITSC_B20
-0.0003266474959997545,2.47283383401066,3.49539417342428,-3.49803444651635,2.472833855584812,0.00010205165136403426,-1.5000253862287203,611.4907277326447,0.0016518428050119982,2.3791440830816812,3.37853507712603,-3.38533449133733,2.379144656519907,0.00046423728212872164,-1.4995829314693851,566.0329296647227,-0.0027345506615142814,2.8761210065061666,4.09591408344873,-4.08788051040797,2.876122306480266,-1.2455791465600573e-05,-1.5002398828854537,827.2079521833365,ITSC_B20
-0.0005255295058319698,2.467514360353144,3.4900584936195,-3.49370373986963,2.4675144163165994,0.00013661040185017389,-1.5000093914268782,608.8627394730248,-0.0022650878198541523,2.380292963587759,3.3847770724623,-3.37382910366146,2.380294041316793,0.0002663189697959486,-1.5005639186659288,566.579972312823,7.001585451189785e-05,2.9086976307392103,4.11821620663892,-4.11469941150919,2.9086976315818935,0.00037546030731868156,-1.5000823030750476,846.0521911970118,ITSC_B20
-0.0006663302267721782,2.0134734955336038,2.88595782309695,-2.87984338160892,2.0134736057898253,0.00032965946859088213,-1.4994235138045653,405.4075961212281,-0.0017408292477869103,2.7468829244704,3.89548459287451,-3.89110851825363,2.7468834760931387,-4.6807580364095284e-05,-1.5002005419943467,754.5368831233525,0.0018893402065151606,2.8998816359146153,4.12266868355042,-4.10849016616734,2.899882251389053,0.00016466281568854575,-1.499717343879337,840.9317071921243,ITSC_B30
0.001968825046150613,1.9950092261220218,2.84255080080075,-2.84135929959307,1.99501019761405,-0.001029156630469385,-1.499428828157289,398.0065688584051,-0.0007684253434222654,2.72708803474023,3.85037031127702,-3.85190473531241,2.7270881430017693,0.0007411721515840656,-1.5006134942795188,743.7009739700839,-0.0017493289352447162,2.880559733259918,4.07026756975064,-4.08460005801673,2.880560264432975,0.000446063844132687,-1.5006818302303575,829.7627437030172,ITSC_B30
-0.0004824896905435283,2.0147806048731063,2.86071767886087,-2.86577580442236,2.0147806626452276,0.00035897459046348585,-1.499779428744893,405.9341118569142,0.0006909566684080382,2.743931934361912,3.88613452302549,-3.89331975800698,2.743932021357713,0.0006768536865004947,-1.5000087451514206,752.9162937832224,-0.002111094187117978,2.9368715853300422,4.16623385508664,-4.16115013860674,2.9368723440826745,0.00024786889627583815,-1.501494866833189,862.5219165437662,ITSC_B30
0.0010656670153544922,1.9821116869372795,2.82113282999857,-2.82168846946255,1.9821119734110721,-0.0006506892052239522,-1.499619391660635,392.8767875139535,-0.0014738670974159774,2.7443101781067702,3.89519333652291,-3.89028108067696,2.7443105738863878,-0.0004051818666287671,-1.5000860009917656,753.1240525944634,0.0014383198201937805,2.921275575593625,4.14423359763523,-4.12967737848624,2.921275929679319,-0.00010067399379152838,-1.4989214336830508,853.3853057323769,ITSC_B30
0.0006258922021984592,2.0116634216797817,2.85121993444806,-2.85529653182871,2.011663519047223,-0.0001721794428729347,-1.4998085193127886,404.6790113865457,0.0005819400143777643,2.72446831191642,3.86087185380401,-3.87927380037031,2.724468374066927,0.0010228346523180405,-1.5001480243568015,742.2727921290887,-0.0029994369010390436,2.9465351847359034,4.18366369127112,-4.20014057307295,2.9465367113797125,0.00018917102347115636,-1.5015895283049698,868.2078591508371,ITSC_B30
0.001013620707611458,1.9760858325811737,2.80323807799772,-2.80321318384327,1.9760860925463162,-0.0006830579557434416,-1.499692493058725,390.4916245154968,-0.001551077324741117,2.7324481711098967,3.88875955199662,-3.87786340629328,2.732448611345269,-0.0005737136390441299,-1.4999361696267972,746.6275413642687,-0.0002415843338622256,2.975884955512432,4.20940067412759,-4.21421150916771,2.9758849653184214,-0.0002162967507786269,-1.4998369550628405,885.5891326808221,ITSC_B30
0.002092588036488525,2.016168397303373,2.86287034896059,-2.85807642943966,2.0161694832552004,-0.0007942385275227752,-1.4996530248590874,406.4939385209542,0.00037774134303409035,2.7205112075163593,3.85340593499716,-3.87255800191205,2.7205112337409383,0.0014468809300014133,-1.5002878409925384,740.1181372910643,-2.737009173956917e-05,2.981469835333387,4.21798315748735,-4.21795937223707,2.981469835459017,0.0005107629550937178,-1.500978302815716,888.9162379752015,ITSC_B30
-0.000314734538033008,1.992336564738464,2.8423739077464,-2.82924933170226,1.992336589598177,-0.00011766554056667482,-1.4997400870454096,396.9405086251695,-0.001585738744620957,2.719470380575259,3.87644597591893,-3.85969428318828,2.719470842901889,-0.0008622353279685612,-1.4997626596358544,739.552166539351,0.0026445898080577346,2.9417232644485827,4.18840230501884,-4.16519522801385,2.9417244531827387,0.0001259463005553572,-1.498534296117871,865.3742758453282,ITSC_B30
0.0018310424360427646,2.0205917140447993,2.86918181557087,-2.8861207441951,2.0205925436819028,-0.0005120313207160857,-1.4995062336726255,408.27942275829025,0.000639555515729624,2.7146536567843453,3.8457234654622,-3.86286576084695,2.714653732121995,0.0016341969918335954,-1.5002113622362225,736.9344885323875,-0.0016578348918937307,2.9318981605676853,4.15715864370258,-4.16920131796002,2.9318986292770606,-2.4319762654668333e-06,-1.500616469659069,859.6029572356706,ITSC_B30
0.0001163298218868336,2.030803605859199,2.89146764001932,-2.88408910746652,2.0308036091910395,-0.00026357160241924376,-1.4995646714121105,412.41632991033526,-0.00011432926879366256,2.744170737455876,3.88411237081735,-3.88669419876018,2.744170739837503,-0.00026183519895415835,-1.4999064703119096,753.0473049380308,0.0025262275963204915,2.9280231048740673,4.16829301134867,-4.15210612776018,2.9280241946579335,0.0004806415596306637,-1.4993113255481199,857.332568450224,ITSC_B30
-0.0002664637182752605,1.9527511578096959,2.77807468199476,-2.78620631269103,1.9527511759899217,0.0006992179591543543,-1.4998959314860805,381.3237155330022,-0.0018188236565322424,2.786728378854351,3.94240027345927,-3.97315364967197,2.786728972403253,-0.0009577201102528041,-1.4994646952977115,776.5858365631691,0.001297393145643171,2.8430676746429198,4.0338499119446,-4.05529384603481,2.843067970666279,0.001308831051188,-1.5000822707246817,808.3035485828474,ITSC_B30
-0.00021342670061982093,1.9093182042386447,2.71436287471332,-2.71559838243115,1.909318216167237,-0.00018769186005091422,-1.4998232980855308,364.54960505880405,-0.0008712749560333432,2.7586673516870897,3.90459560355244,-3.90684117334058,2.758667489275268,9.269524095635553e-05,-1.5004032157874145,761.024631638431,0.00045350519355299545,2.8154147384583923,3.98361966009318,-3.98064529027271,2.815414774983554,-0.0005530268637505676,-1.4996602554859932,792.6560355195696,ITSC_B30
0.0007736029298701119,1.9515596151592587,2.76581959318853,-2.77458668767694,1.9515597684882846,-0.00035682007148537013,-1.4996283329343476,380.8585529982047,0.0011025340297117503,2.765888005407341,3.93556084124906,-3.92886346507871,2.7658882251525436,0.000687434522056562,-1.5000601215204157,765.0137674037488,-0.0007513848819593705,2.827582617199967,4.00220720717316,-4.00276325060318,2.8275827170342267,0.00022816815939623314,-1.5001987509436499,799.522402167066,ITSC_B30
-0.0007213882490528433,1.9167660146233256,2.71330499395367,-2.72998357283656,1.9167661503730686,0.0005222294005132222,-1.5000842844026958,367.3992475215993,-0.0008919818917717981,2.7585185362069433,3.89898640267001,-3.92176663154814,2.7585186804205253,-0.0008895922407071625,-1.499489917149255,760.9425310228996,0.0006922726168265403,2.8169290413060724,3.9828409202983,-3.99399056508896,2.8169291263705802,0.0001784229386310383,-1.4999610173243976,793.5089702994921,ITSC_B30
0.001592931053059421,1.9262207215031255,2.75126642299757,-2.74208626101857,1.9262213801578885,-0.0011552175892812445,-1.4992264181734247,371.0328805377361,-0.00031996803174412893,2.754120764006106,3.89759293911,-3.89653627408016,2.7541207825927168,0.000529503534894182,-1.5005292342887269,758.5181285109119,-0.00012387989528219956,2.8163148830999223,3.98610050179384,-3.98350010513632,2.816314885824445,-0.00031671851731450895,-1.4998503135364103,793.1629536116359,ITSC_B30
-0.0013360604816960552,1.9451411594116679,2.76142578755664,-2.76490345672561,1.9451416182620171,0.0009946042731596035,-1.5002440465036218,378.35759150949787,0.000546781035688888,2.7492985616279273,3.89464277255638,-3.88863734575618,2.7492986159998862,-0.0004177257690388795,-1.4993560617216066,755.864287993889,-0.0003280994149994543,2.822098597675263,3.99218979455256,-3.99010197672342,2.822098616747812,0.0005722205922311714,-1.500317350142879,796.4240602649912,ITSC_B30
0.0006261894787283539,1.9194526063519965,2.71303638320577,-2.71404207209655,1.9194527084939434,-0.00030380845330744326,-1.499917144960553,368.4298700144736,-0.0001577872305134309,2.7605442277774745,3.9077682552591,-3.90482886312889,2.760544232286877,0.00012752124977703728,-1.5002552260231325,762.0604458412344,0.0006174054972097653,2.8111581285245615,3.97541367504814,-3.97634162122912,2.81115819632394,-0.00046081006612995614,-1.4997037270534208,790.2610404759267,ITSC_B30
0.0006309116178880814,1.922857322951194,2.73507367772663,-2.72429876900004,1.9228574264558729,-0.0004975106968141071,-1.4996841739105076,369.7380682476503,0.00020918075850024699,2.758747508581412,3.9163439652261,-3.9089446925151,2.758747516511929,0.0006304817407334532,-1.5004323544054843,761.0687859860736,-0.0005765649058712274,2.81862157746203,3.9884982571049,-3.98772913041498,2.818621636431828,0.00014901470402327308,-1.5001140822608554,794.4627929361636,ITSC_B30
-0.0018104620993050302,1.9322072115550915,2.73297113885824,-2.73785129869028,1.9322080597488758,0.0010705199222636992,-1.5003854979406313,373.3427986158515,-0.00041648592803618324,2.7508573136993832,3.88871804362212,-3.9076304671144,2.750857345227832,-0.0008534404130621823,-1.4993330299889747,756.7216133793916,7.407015550595086e-05,2.817078339748914,3.98130789405179,-3.98590728016034,2.8170783407226865,0.00014386731553896426,-1.500114590709294,793.5930377768885,ITSC_B30
0.00013940470757539902,1.9171288916020648,2.70787506696629,-2.71377531744889,1.917128896670496,-0.00011333659978792485,-1.499964693690062,367.53832064490337,0.00030907953410346466,2.7586170042633245,3.90575818641154,-3.90660605664495,2.758617021578188,0.00039209642696348565,-1.5001805303533664,760.9967871740915,0.00028718810532443186,2.8236575437290687,3.99650675328896,-3.99650747223838,2.8236575583337093,-0.0007263060895913715,-1.499607594919856,797.3042006735084,ITSC_B30
0.0012245375255355516,1.953146130798351,2.78041272907492,-2.78203889529012,1.9531465146641513,-0.000624299573868386,-1.4996140889122285,381.4781307744722,-0.0018721602853983743,2.8374201260814993,4.04517118039246,-4.01610767107705,2.8374207437171672,-0.0008269469974001322,-1.4998330237006494,805.0956476876482,0.001824515635386724,2.8845549297489286,4.12516835902403,-4.08426684372863,2.884555506762896,0.0006878122426707373,-1.4994736434460592,832.0660471596148,ITSC_B30
-0.0020717143383034565,1.9785527217435201,2.80560861259051,-2.81419015173391,1.9785538063744923,0.0012037145217735547,-1.500104973193337,391.46751647189916,0.00014551740202080497,2.805022763855748,3.97965685659191,-3.96871806760042,2.8050227676302835,-0.0010672985423185871,-1.499473231292536,786.8152726924255,0.00038131902832177193,2.8775843659497173,4.0648837292747,-4.06618496063223,2.8775843912146932,2.4661999088540204e-05,-1.500124658886016,828.0491928562437,ITSC_B30
0.00011621064685220617,1.9378600123800702,2.74547041746099,-2.74178172736106,1.937860015864562,-0.00020490852146543391,-1.4999028578150824,375.53014410866007,5.9402245627926396e-05,2.8076590749226904,3.97092924957491,-3.97172759799041,2.8076590755510833,0.0004559026495008693,-1.5002317894579162,788.2949484524363,0.0017500449227315672,2.8578485973711003,4.05023288047824,-4.04407290602216,2.8578491332037106,-0.001117652842170221,-1.4981448801756838,816.7301668153199,ITSC_B30
0.0016694128546709175,1.9762906248744998,2.82519265851072,-2.82740613123293,1.9762913299678566,-0.0007571414851506469,-1.4992000767889784,390.57274209061194,0.0001984293039795526,2.8144154460878776,3.98232789871061,-3.98156621668024,2.8144154530829697,6.751075426840319e-06,-1.4999520582110497,792.0934342552217,-0.00023520200694030714,2.8516453262116017,4.03692150450856,-4.03323288124488,2.8516453359112623,0.00042471709181328,-1.500354202481248,813.1881121824457,ITSC_B30
-0.0029029270339180303,1.993536973175199,2.83960558249446,-2.83154827140627,1.9935390867504708,0.0014377350072541108,-1.500222729932501,397.41980904019005,0.0003520305851905436,2.7963469673011554,3.9698359175184,-3.95205537179728,2.796346989459624,-0.0011086006255604372,-1.4993027474846687,781.95564854599,-0.00038112115383064137,2.853325919542936,4.03271438945994,-4.03854628850916,2.853325944996273,-0.0002098112056574976,-1.500004610243193,814.1468948388874,ITSC_B30
-0.00046141640505180436,1.9787106190246555,2.80362773231887,-2.7987728430599,1.9787106728236028,0.00033937981509590034,-1.5000713472959664,391.5295926746035,0.0005685314279446252,2.818170482090721,3.98826055433078,-3.98353714813934,2.818170539437851,0.00028405648622333024,-1.499995845259392,794.208518935543,-0.00019280307366421,2.8775020842109233,4.07719534753518,-4.07773657682537,2.877502090670176,-0.0005792748962733193,-1.4995472907135179,828.0018281811234,ITSC_B30
0.000857692082407211,1.9613492536297665,2.79407756467687,-2.78334890596314,1.9613494411628314,-0.0005886911577478512,-1.4996652173604137,384.6891630349751,0.00018277855197576854,2.8204312082217413,3.98603340909001,-3.99074537628788,2.8204312141442403,0.00021183727916711077,-1.5000917886964409,795.4832233719153,-3.244192221658171e-05,2.868895220972232,4.068391180746,-4.05619440518426,2.8688952211556615,8.345509047623401e-05,-1.4999841298910712,823.0559789969792,ITSC_B30
-0.0017062606632757716,1.9892999123314874,2.81658530210484,-2.81141014478882,1.9893006440775898,0.0009867178754355904,-1.5003094923689158,395.73170525275134,0.00042289317268512816,2.8076281921426376,3.98076044446938,-3.96957986225895,2.8076282239913404,-0.0010267230185257129,-1.4992434975485913,788.2776244152768,-0.0022668381757343435,2.904156654699716,4.11057928532539,-4.12722426553672,2.9041575393893426,-0.00022639907471397392,-1.5004565687585552,843.413101359196,ITSC_B30
-0.0018454323865395184,1.9485513074267358,2.77738857906007,-2.78479671052734,1.9485521813118412,0.0011420288162316075,-1.4999345051344812,379.6855603295134,-0.0004298369496766985,2.812837610983713,3.98263418528694,-3.98478302014937,2.8128376438259575,-0.0003237229872972087,-1.4998784374464886,791.2055610524365,0.0006091177053062755,2.9284578245754305,4.14554202515219,-4.14682438677785,2.928457887923513,-0.00023991927934271034,-1.499613511838161,857.5865601341441,ITSC_B30
0.0012383245995157964,1.9282950603888285,2.75791994914304,-2.73829056541302,1.9282954580063114,-0.0008511211448486612,-1.4993331687181481,371.832337336777,9.331931778969516e-05,2.806733739685277,3.96772413000865,-3.97339904826473,2.8067337412366347,0.00033678520455974835,-1.5001726624121787,787.7754294196195,-2.4814276258554034e-05,2.9188147205655173,4.12773010611429,-4.13271280580788,2.918814720670996,-0.00021843611076986157,-1.4997727816722175,851.9479373605706,ITSC_B30
0.0020649324766591004,1.998422525326318,2.83940026414409,-2.8342556303937,1.9984235921540134,-0.0008518953861340884,-1.4995996512658347,399.3696853677751,-0.0025213259167721747,2.8294317444679726,4.03103322139102,-4.01808133546122,2.8294328678531064,-0.00029560355757058163,-1.5000317709239688,800.5690353687454,0.0009131319567916248,2.924864328396924,4.14750505049205,-4.13495429994831,2.924864470935151,0.0003280067955000063,-1.4998188437754962,855.483217333876,ITSC_B30
-0.0010651500570356598,1.9571317147370269,2.79714493571954,-2.78729668511762,1.9571320045858276,0.00017966015921881302,-1.4997465238956431,383.03656833741394,-8.73757334014602e-05,2.8003563320416935,3.96280790168654,-3.96617693967262,2.800356333404827,0.0005555973608634676,-1.5001909696072082,784.1995594040528,-0.0009570898594384097,2.92781519352994,4.14620040295992,-4.14988512952454,2.92781534996416,7.758217007385293e-05,-1.500872298486309,857.2102723485757,ITSC_B30
0.0015017725328090891,1.9899070928001794,2.83333025248804,-2.85679724619254,1.9899076594900582,-0.000306548170507357,-1.4991212754926604,395.97324932972015,-0.0007167818757210842,2.8000256850483782,3.96481493819159,-3.96054518257238,2.8000257767932952,0.00013378785448625908,-1.500132802085924,784.0144350706896,4.2322539837577613e-05,2.937962277986517,4.15801369691538,-4.15661756333465,2.9379622782913537,-0.0002016893754381282,-1.4995494964067901,863.1622348662921,ITSC_B30
-0.0013560905940447076,2.0081183197479033,2.8649423342568,-2.85493656078297,2.0081187776346403,0.0005171766343932013,-1.4997139265065678,403.25410250888416,0.00036232026806752414,2.79939659119832,3.96126178890514,-3.96183145368972,2.799396614645511,2.119352492072278e-05,-1.4999476451181055,783.6621406088749,0.00011249310430275606,2.933810245269502,4.15051190312241,-4.14748767438236,2.933810247426202,0.0002382063794771226,-1.5004007963505568,860.7242567902994,ITSC_B30
0.0018046014111890685,1.969612704739511,2.79099020864425,-2.79567882808349,1.9696135314466,-0.0009974826670966612,-1.4996246046780926,387.93774632575463,-0.00045006592256060076,2.8026357045791355,3.96052705907836,-3.96614504265124,2.802635740716428,0.0007442655072401285,-1.500256342622734,785.4767095141123,0.00031378623791047304,2.9251516260310453,4.141046712419,-4.13611985802469,2.9251516428612496,-3.9634190895017696e-05,-1.4996737697981148,855.6512133733868,ITSC_B30
0.0010794190883276044,1.9983449926473242,2.83330918003668,-2.83604250275672,1.9983452841749352,-0.0004323401807323763,-1.4997155284675676,399.3383874784202,-0.0011051042409029321,2.785822059662807,3.9613403008892,-3.95760530577547,2.7858222788540026,-0.0007633188450588036,-1.4998529580023425,776.0805769359308,-0.0005877488470347498,2.9323246714239497,4.14950169277533,-4.1506840092172,2.932324730327506,9.862123321555787e-05,-1.500586051652404,859.8528324090282,ITSC_B30
-0.0004137716680201908,1.9623936323754758,2.78992514054813,-2.78859225625245,1.9623936759974556,-5.716859715450044e-05,-1.4998805761640577,385.0988939594807,6.839647838909447e-05,2.7926807858933502,3.95736151733052,-3.95692025708144,2.792680786730911,0.0015128692262139497,-1.5002035485778213,779.906597657598,0.001398450897007707,2.9230201746892894,4.1486736354837,-4.14010742332301,2.923020509217394,0.00032120533645607635,-1.4997563169400525,854.4048897305515,ITSC_B30
0.0011711911289745602,2.009245013180641,2.85703049307242,-2.86249275787856,2.0092453545249107,-6.311516322876603e-05,-1.499696174502713,403.70668946799344,-0.0010100744594116362,2.785824119162754,3.95044666665607,-3.95578798793345,2.785824302277397,-0.00039271217861070113,-1.5000038826799993,776.0817043159348,-0.0006931722635896276,2.902285744787529,4.10956708386755,-4.12360610581336,2.9022858275650054,-0.00016541940980070448,-1.499878089532415,842.3263024884689,ITSC_B30
-0.0011790599247299526,1.996861636223492,2.85183415748322,-2.85018695266222,1.9968619843152577,0.00019530687720143786,-1.4995513751261158,398.74577844034684,0.0012756886211471308,2.7997338835761387,3.97273347784991,-3.97084876720314,2.7997341742075776,0.0005706570111589376,-1.4997718111563239,783.8511446225785,7.18950705635396e-05,2.922837345483267,4.13354689101378,-4.13686421560736,2.922837346367493,0.0001529352344787231,-1.5005441160941977,854.2978153320568,ITSC_B30
0.0016448107930295208,1.9765136566320975,2.7990300901098,-2.8115893813119,1.9765143410194954,-0.0007032581861296399,-1.4997115204027656,390.66089402557304,-0.0008982794200835364,2.800681252136142,3.96165245384636,-3.96814912230608,2.800681396191431,0.0002048050812063645,-1.5001669409979401,784.3816282972784,0.0012663356232122706,2.8930693692143827,4.10661254583295,-4.08993852704722,2.8930696463604915,0.00014917767043415116,-1.4991471540542303,836.9851978692418,ITSC_B30
0.002681735058899588,1.9900783959321333,2.83803050767596,-2.83605872546544,1.9900802028206648,-0.001357429891029535,-1.4991990313509973,396.04192136587386,-0.002114933162717385,2.855853366835729,4.05678276143874,-4.05295311538989,2.8558541499539594,0.00033502413581476147,-1.5004673429686448,815.5902925809253,0.0010576157749688981,2.871638739075095,4.08820623333877,-4.0723631765989,2.8716389338334176,0.0002625652521068495,-1.4995948264486856,824.6310166307928,ITSC_B30
-0.00022652907531542254,1.9969545083328506,2.84575054991655,-2.84161762679432,1.9969545211812711,0.0002277742513192652,-1.4995571016944869,398.78273596663195,-0.00013656872864854287,2.8240006234887844,3.99484940360022,-3.99258967170569,2.8240006267910176,7.809122948896712e-06,-1.5000583849865556,797.4979540116061,-0.0011623595601026008,2.871262077205053,4.06144971718724,-4.05816240674673,2.871262312481328,0.001073493524938692,-1.5015102739837802,824.4147267075623,ITSC_B30
0.0016427829703258112,1.9460271753352836,2.76001126123266,-2.76180641870783,1.9460278687314088,-0.000993646929813368,-1.4995946108214169,378.7024465879309,-0.0012869249983789022,2.8250044361181494,3.99948660011813,-4.00209956081743,2.825004729246161,0.000303309566564906,-1.5003589975243234,798.0651720263177,0.0014618885116692627,2.8496411670471127,4.04668946119391,-4.03286322438368,2.8496415420272867,-0.000504851357997504,-1.498960330206105,812.0456918047653,ITSC_B30
0.00037242682244997827,1.9801289988992905,2.80757615304426,-2.8056559824138,1.9801290339226998,-1.783311717405998e-05,-1.4999438728195353,392.09109909836445,0.00018013475145934433,2.809095605244579,3.97572345766234,-3.98259321485262,2.8090956110201972,0.00024231731474436385,-1.5000176097991267,789.1018151852935,-0.0026242236970645512,2.866652918987294,4.05192409771072,-4.06777493808147,2.8666541201352467,0.0007167432179554865,-1.5014960299711424,821.7705844488385,ITSC_B30
-0.0007816547689229836,1.9575556899654685,2.79122526813109,-2.77523186371212,1.9575558460233922,0.0001963740794312785,-1.4998901511140172,383.2024890300359,9.698078720721259e-05,2.813288855887571,3.97918906363744,-3.98556177073307,2.813288857559151,0.00029387571977729205,-1.500133255011007,791.4594196066471,0.0008058281725980866,2.8826564502938172,4.07718697296671,-4.07641350360623,2.882656562925871,-9.41465511841743e-05,-1.4998664513551279,830.9708859779595,ITSC_B30
0.0016818240841684773,1.983465247487903,2.81574553893669,-2.82703045056803,1.9834659605157081,-0.0006437284902096752,-1.4995145421378988,393.4137216524501,-0.001196311442776188,2.8180727973775115,3.99671087452839,-3.9958401768833,2.818073051302996,-5.315282344582275e-05,-1.5000780527867297,794.1535722480179,-0.0005716793402912233,2.867941163585358,4.05394603657662,-4.05738140983623,2.8679412205630377,0.00022111671390729704,-1.500183743078075,822.5086844604606,ITSC_B30
-8.013411017810502e-05,1.9735669785350975,2.82584997737188,-2.80964445327776,1.9735669801619682,-0.00014423303677147222,-1.4993048677479532,389.4966625185631,0.000394956301631515,2.799514369405117,3.95772525927571,-3.97054120703324,2.799514397265392,0.0003203680143098521,-1.5000563814529744,783.7280860496211,-0.0025014375712273194,2.9079401741996076,4.12820718203204,-4.13667004437899,2.907941250079507,0.00013540820086007302,-1.5015255565991008,845.6122313913966,ITSC_B30
0.0017174456049686437,1.965085989344232,2.78848404627657,-2.80744352426481,1.9650867398505352,-0.0006916219165773282,-1.4994627887728817,386.1565895136405,-0.0017228269738438673,2.8104737254615317,3.98407763566288,-3.98723767070715,2.8104742535099665,0.0003538385062880483,-1.5003229270931073,789.8765529642403,0.0014336237018308664,2.9098700876853854,4.13156024922604,-4.11741577129726,2.9098704408414937,9.69930657632111e-05,-1.4992907493911716,846.7345982483068,ITSC_B30
-7.145511183381803e-05,1.9736299832293032,2.81199932164444,-2.80362760265765,1.9736299845228167,-0.00010064591534166649,-1.4996486388969905,389.52153158075333,-1.4303375887925184e-06,2.7842805685498018,3.93822157492142,-3.94481717475918,2.7842805685501695,0.00023551452300938163,-1.5000518210888194,775.2218284406055,-0.001427442436552123,2.9064420988480286,4.11721786741214,-4.12909173881323,2.906442449378285,0.00011150377465930996,-1.500881389894041,844.7407711548044,ITSC_B30
0.001194792278184731,1.9606014141580255,2.77483758269832,-2.7963162587633,1.9606017782117404,-0.0004979176526565805,-1.4996870819444328,384.39593327270387,-0.00020108342148877244,2.7901567805945056,3.94392699036845,-3.94849751282297,2.790156787840432,0.0005122829629156029,-1.5001881086095659,778.4974900732038,-0.0001035326010885046,2.9267199243715916,4.14145864898811,-4.14065904158917,2.9267199262028223,-0.00014125542834773184,-1.4999348788565912,856.5689526432652,ITSC_B30
0.0006906583963572554,2.110728910076369,2.98748955457704,-2.98520423793525,2.1107290230726434,-0.00035530735074877385,-1.4998769679540505,445.5177008841195,-0.0037471982103654076,3.1684163041844013,4.50634057542617,-4.48235830014723,3.1684185200373967,0.0017884094810845625,-1.5009725739439197,1003.8875918115967,0.0009505501887965661,3.158407400895778,4.46779040168689,-4.48587287074204,3.15840754393395,0.0002889289248268322,-1.5004726463678273,997.5538213578885,ITSC_B40
0.0022788077394906648,2.111339495841313,2.98894663802402,-2.98811264924247,2.11134072562061,-0.0010384700890099918,-1.4996309096718368,445.7759659664164,-0.0015206968861980919,3.167800686139075,4.48310907026349,-4.4778064226715,3.167801051142924,0.0008682307582616758,-1.5003694762461148,1003.4963499622213,0.0007782030527435902,3.1508067027496924,4.45789180983267,-4.45582341158298,3.1508067988520625,9.206849049706434e-05,-1.4998580514586048,992.7583483692382,ITSC_B40
0.0028348474562140957,2.099900330876425,2.98034159224048,-2.96975068249086,2.0999022443854423,-0.0014522372158429268,-1.4994344194258333,440.95894359750184,-0.0009814010705250053,3.1618710248176294,4.46867922172253,-4.46710816887349,3.1618711771242904,0.0006082487825783523,-1.5002141812223495,999.7429340729346,0.003213076522716548,3.0856569962177747,4.40889070679188,-4.41647124426143,3.085658669096185,0.0012264138800148065,-1.4981067175509466,952.128942216844,ITSC_B40
0.0015545949462402308,2.1056406615425667,2.98009148226457,-2.98362354344111,2.105641235421378,-0.0005685865381631765,-1.4998423627674458,443.37250123068657,-0.0006977628228423693,3.162891586954261,4.47562684886739,-4.47381843464979,3.162891663920691,0.0008488284547591913,-1.50016913795338,1000.3883677698998,0.0004497781179206817,3.0320878483308533,4.28569394774148,-4.29723804443976,3.0320878816907637,0.0002332259522431228,-1.5008026359513442,919.3556922295983,ITSC_B40
0.0014591132998807144,2.142887455206635,3.03342710400698,-3.03912469549503,2.142887951968929,-0.00046298804341663477,-1.499813583827352,459.19687746935915,-0.0017885115626349846,3.15304340647781,4.46235020543137,-4.47011390098634,3.1530439137295256,0.0006020724496563445,-1.5002168787730925,994.1685921906803,0.00045667270553042096,3.0321631575557575,4.28676697546161,-4.28603202201213,3.0321631919453913,-0.0001694849202383159,-1.5017927301081262,919.4013622588465,ITSC_B40
0.002347895629347674,2.1236512324588004,3.01221281502555,-3.02120027096066,2.1236525303678255,-0.0015268794475501626,-1.4991603822510193,450.99000697376687,-0.001594477278333386,3.131497212112797,4.42898919792221,-4.44227774274805,3.1314976180460383,0.0010004786220587174,-1.5002016705664367,980.6277331828012,-0.0021052996029638483,3.0532460110317667,4.33047554696816,-4.34640197433521,3.0532467368635334,-0.0014318987082240493,-1.5021787200718362,932.2315636167815,ITSC_B40
0.0001245905559514693,2.0899412559882573,2.9568118667621,-2.9767440314409,2.089941259701952,-0.00032662765670345834,-1.499776058091748,436.7854469004581,-0.0011855711936931313,3.1430408174202986,4.44570321192951,-4.44632657147098,3.143041041022072,0.0012523237571197758,-1.5001152039359882,987.8706985549112,-0.0010698681496706319,3.127371176881833,4.42456557782605,-4.43876479801579,3.127371359881829,-0.0014587844130482443,-1.5014830508072523,978.0451622609121,ITSC_B40
0.001456388847746135,2.0976039052662583,2.967778760173,-2.96703465551017,2.0976044108593817,-0.000617186758019576,-1.4998076972870698,439.9944264456734,-0.0015212033045286023,3.148721507626081,4.44775321606558,-4.4503512078681,3.1487218750862316,0.0012052883011807126,-1.5000471791193684,991.4449446646554,0.000537868687794818,3.144457674190773,4.44865793918867,-4.45151544039876,3.1444577201927792,0.0002721451139062734,-1.4997495341998557,988.7614354079969,ITSC_B40
0.002960143482526725,2.1028410589301276,2.97910909335913,-2.97840093301615,2.1028431424078726,-0.0016355360884473208,-1.4992569346832305,442.19492815718166,-0.0018488980961793233,3.1391564276511787,4.45057131986808,-4.43924717661714,3.1391569721324672,0.0017087100660265007,-1.4999631687322088,985.4306495687879,0.0017798020534644588,3.109842191310933,4.42412379486869,-4.41213733283989,3.109842700612514,0.000798610281931289,-1.4993695660598316,967.1121622552935,ITSC_B40
0.0010483816240605614,2.0985033610178605,2.97947014143409,-2.97162111624729,2.098503622895916,-0.0002618454763656531,-1.4999507423870584,440.3717455307287,-0.0009445412647798657,3.148430745483744,4.45508700639525,-4.45321346003786,3.1484308871667364,0.000809595864301392,-1.4999603527248713,991.2617051265522,0.001852920734169581,3.047701609669556,4.35069196601248,-4.32570481732452,3.0477021729325275,0.0009376767718540238,-1.4995685136827035,928.8488534897651,ITSC_B40
-0.011318961514920657,2.0479291338963566,2.93518726530767,-2.95224099970742,2.047960413765671,0.004173900150233293,-1.498207377414234,419.4141856351258,0.030944317976277197,3.044084690118723,4.58008086095008,-4.5872865881793,3.0442419666363936,0.0016675519611163041,-1.463528630916964,926.7409151430217,-0.024320954149803346,2.9809270102323246,4.44113086901209,-4.41508962086699,2.9810262241623073,-0.0031320264672186184,-1.4824010581596248,888.6517349143381,ITSC_B40
0.0028368353919420654,2.066640698396959,2.94992298541463,-2.93648578615338,2.066642645428984,-0.000496960915082641,-1.4998937918741229,427.10118239057095,-0.0021437493546917863,3.2007788304796594,4.54934647448177,-4.56374364352347,3.200779548376931,-0.00031314617862691,-1.5010029370097486,1024.4989717308029,0.0007905341027352375,3.1300016005658207,4.42979575026954,-4.43346385339639,3.130001700397105,0.0004546478755223828,-1.5001836882746549,979.6910644488769,ITSC_B40
0.0017743105019060268,2.023495946085487,2.87902417269779,-2.86064374416422,2.0234967239909625,-0.0007011414898902538,-1.4998159509878817,409.45389920021574,-0.00021024014054677798,3.18951591829304,4.50735834721109,-4.50949915684009,3.1895159252221346,0.00024531163010750725,-1.5009583831555076,1017.301183724561,0.0014315973539844084,3.1085815491810025,4.3994669286807,-4.40342514370644,3.1085818788282777,6.794928217643412e-05,-1.4996361611654372,966.3281297379544,ITSC_B40
0.0009038110679489364,2.0335172192770945,2.87887418060823,-2.90035420486691,2.033517420129686,-0.0012049602786518825,-1.4991297363331875,413.5193097970893,-0.0008498451677184726,3.190550916846863,4.51722891894214,-4.51434378222017,3.190551030030576,0.0002556026937537799,-1.5011766024348923,1017.961587522917,0.0031037044872052953,3.048917268237566,4.34917949293602,-4.3512064513365,3.0489188479752563,0.0002938434401230431,-1.4992319662571525,929.5906141538763,ITSC_B40
0.001242537170968423,2.055885813340954,2.91211202153579,-2.91268637246827,2.0558861888235005,-0.00040935792559805995,-1.4998390959265822,422.66680213952174,-0.0013972774639875074,3.170593324029272,4.49019537684458,-4.49512303645616,3.170593631918682,0.00011837307884401174,-1.5008354191191966,1005.26639787633,-0.00035345049590780885,3.0078907620650095,4.25816034930023,-4.26985066834257,3.007890782831596,0.001723149644219383,-1.5007282547025873,904.7406961443272,ITSC_B40
0.003568078982966405,2.0509148346500767,2.9075200793304,-2.90461839434881,2.050917938430346,-0.0019687906111227034,-1.4991645066975041,420.626439017538,-7.166828833864214e-05,3.1582561513670044,4.46646697247056,-4.45971591308616,3.158256152180166,0.0005622172586305757,-1.500768862316541,997.4581922783867,-0.0027417452340249278,3.009177097236402,4.25242886771117,-4.26622822113346,3.0091783462764425,0.0010152582327275755,-1.5012370328202083,905.5154319699025,ITSC_B40
0.0015284902966021896,2.0498222381355977,2.90114771673492,-2.89857967593415,2.0498228080099556,-0.0007422067536551509,-1.499737789188714,420.1773544237819,0.00021568074023704532,3.17417143035567,4.50456584738365,-4.49027332597924,3.1741714376832806,0.0009242829378109782,-1.5009460268922075,1007.5364315804343,-0.004225483529363153,3.059943936616942,4.3267471962542,-4.35451317468941,3.0599468541054504,0.0008352290429822795,-1.5018269351910305,936.3274749949842,ITSC_B40
3.5523969864188484e-05,2.0408792005735505,2.88907629899279,-2.88633546739374,2.0408792008827197,5.446285268706061e-05,-1.5000488591164138,416.51879125956884,-0.0009325200382418663,3.1820999907293284,4.49833620412866,-4.50721009024283,3.1821001273676504,0.00016467081479415202,-1.500471876272567,1012.5761220593215,-0.0009624428816515457,3.1053780175306467,4.38622789599262,-4.38897853377309,3.105378166674531,0.0001782770150939041,-1.5007393922094798,964.3373558058872,ITSC_B40
0.003372391228298115,2.0256746921784052,2.88289221508407,-2.87009985403238,2.0256774993948747,-0.001296219720213756,-1.499479026408733,410.33693315546736,-0.001097621456897271,3.168181488098729,4.48431822485315,-4.48827672236395,3.168181678235063,0.00010895437090255757,-1.500456227205723,1003.7375146304338,0.0011439011719329153,3.102219046660436,4.38881415202875,-4.38682575258024,3.102219257559445,-0.00031446141340316195,-1.499188525940618,962.3764321972674,ITSC_B40
0.0019996499596937234,2.008620527732741,2.84317666153234,-2.83982011328436,2.0086215230922218,-0.001122021524564678,-1.499569770230199,403.4560423029317,-0.0006037957190375187,3.1562409593191663,4.46294734159875,-4.4656139072056,3.1562410170728787,0.000663285348048542,-1.500755664308178,996.185735785324,0.0025876591695260347,3.064415999240842,4.36986244442767,-4.35637053810699,3.064417091778341,0.001013140687574394,-1.4997870459980018,939.0652112383226,ITSC_B40
0.001199593725000705,2.0644607430606197,2.93229826410003,-2.9247238603369,2.0644610915838335,-0.0006355793109232563,-1.4997098271116536,426.19995986635126,-0.00293937263314898,3.198512163921485,4.58028171324651,-4.55153375952086,3.198513514535334,-0.0013391094584974555,-1.4996719229175597,1023.0488702665175,-0.0017054006116987719,3.062491769410846,4.3419410096343,-4.37142975318207,3.062492244251472,-0.00034111895296681094,-1.4999363642803698,937.8858746100419,ITSC_B40
-0.0033671859315889696,2.0786070910152916,2.94195686269014,-2.93990183720546,2.078609818306493,0.0017282429248854968,-1.5005700544373313,432.0618776760151,0.0019922229951447167,3.191171554526359,4.52260484568685,-4.53016453838291,3.1911721763907757,-0.00035389720245667885,-1.4992541388783074,1018.357985937064,-0.00201375488702728,3.1286570921129777,4.434074570658,-4.43761248306036,3.1286577401878874,-0.00027380459580356203,-1.5013966854286536,978.8499255237579,ITSC_B40
2.161705733453534e-05,2.049315106791052,2.89896695628415,-2.90744088015652,2.049315106905065,-0.00010807737345088915,-1.4999437371124005,419.96924073893166,0.00021058254127909404,3.190075707215442,4.52584796229093,-4.52012059939004,3.1900757141659053,-0.001589945500646861,-1.499161094557024,1017.6583062111109,0.0010935446550205336,3.132555530968214,4.43505519192115,-4.43229761375199,3.1325557218411073,7.965847489989646e-05,-1.4991696457613943,981.2905350439461,ITSC_B40
-0.0025458947838847613,2.087090502120869,2.97495854987359,-2.96804960730748,2.0870920548992067,0.0010667692461036604,-1.4998948974219508,435.59532456233933,0.0007583751206933797,3.182451812514542,4.51501122944644,-4.50493175507158,3.1824519028745613,0.00030250834435571,-1.4998301984529563,1012.8000114109916,0.0031218349486560526,3.091355681785955,4.3979176630463,-4.38691806542461,3.091357258092916,0.0001322822716384115,-1.4980800802812915,955.6489697163751,ITSC_B40
-0.0007344907293611191,2.078397242893773,2.94677064508773,-2.96549365817647,2.0783973726756555,0.0006034519954050893,-1.5000142432460264,431.97356387450674,0.0005525749177211204,3.187728624306004,4.51374065575914,-4.51943763550298,3.187728672198889,-0.0014690628208402362,-1.498940448160371,1016.1614087558889,0.0032857513116923594,3.0139581765178787,4.29220792097606,-4.26274784602503,3.0139599675444693,-0.00035751533125105716,-1.4973634016189785,908.3954685960657,ITSC_B40
-0.0009563261938917967,2.0829333501167797,2.95949137465503,-2.96060373153825,2.082933569653267,0.0003219360586483988,-1.4997673021939288,433.86122555885,3.863406924915491e-05,3.1774691965920057,4.50775296779587,-4.49598805071393,3.177469196826877,0.0006191272207033197,-1.500321217302103,1009.6310496783638,-0.0009236699959961542,3.0138198051051455,4.262983750928,-4.27788434490782,3.0138199466474895,-0.0008888814323916487,-1.4992024184184078,908.3110670810277,ITSC_B40
-0.002703359582324647,2.0499752049762714,2.92015617263136,-2.93455880902359,2.0499769874734053,0.0018490626192976703,-1.5002162158023358,420.2405649170538,0.0012743479787298195,3.192598421331723,4.5212018851628,-4.51822526729915,3.192598675664165,-0.0012075139472496564,-1.498697585976231,1019.268630385258,-0.0004803604879331058,3.03685128783072,4.29026128527704,-4.29914357511128,3.036851325821747,-0.0005114574197270912,-1.4996473175216096,922.2465975145301,ITSC_B40
-0.0008516543291959211,2.0561376510638616,2.93539726119978,-2.94977297371693,2.056137827441903,-0.00028974675912576004,-1.4989689038889191,422.770276543751,-0.0010518841147678381,3.171838353788484,4.48346999875351,-4.49657251045845,3.1718385282078647,-0.00015802519372015377,-1.500112905787144,1006.0559649023834,-0.003942250112498238,3.095100455419829,4.38860774000071,-4.41652103550483,3.0951029660539535,-0.00013700511588082674,-1.5008272451847842,957.966237047598,ITSC_B40
-0.000630196890384509,2.075575825953763,2.94958389919445,-2.94280410953909,2.075575921625554,0.0007819879735911307,-1.5002594106905496,430.8015406431766,0.0019194061368494576,3.175508889785906,4.50113534246532,-4.49801477786213,3.175509469869242,-0.0006919643562142677,-1.4984959925047088,1008.3860393229235,0.0009920465966588071,3.1342623762092754,4.43137786088348,-4.43254301990888,3.1342625332089624,-0.00013961778092752976,-1.4996382166781645,982.3601627077462,ITSC_B40
-0.0028345042848618275,2.0506027424830306,2.8993212035645,-2.90791703048791,2.0506047015194,0.0013090267300193328,-1.5004590340636157,420.4979641893469,-0.0006070487616663223,3.1780945677427868,4.49794217671981,-4.49898365376308,3.1780946257190656,-0.0005915904064658253,-1.4996182146266983,1010.0285450024406,0.002720302083924809,3.0840294737148266,4.39913127532876,-4.37447917159968,3.0840306734507648,-0.00020074334836689368,-1.4986546960393334,951.1245194785176,ITSC_B40
0.0006386171272547126,2.0754033277687705,2.94089295414374,-2.93623280708929,2.0754034260224015,-0.0003860675775829531,-1.4998600232852313,430.72993807455214,-0.002353421533835229,3.2017591277696615,4.54887860057154,-4.53428521037143,3.2017599926992117,-8.920152385658829e-05,-1.50029564460916,1025.1267050849258,0.0004419714561788435,3.1406056908271385,4.44348868174782,-4.43449986221936,3.140605721926039,0.00042247705268354057,-1.5007892412180222,986.3404300594574,ITSC_B40
0.0014788672114149826,2.0898586755370188,2.96316905206449,-2.96042992217833,2.0898591987896147,-0.0005904928802251476,-1.4997592940095275,436.75114707655706,-0.0005971551117988305,3.1864118610721337,4.50462366287866,-4.50080389901633,3.1864119170275846,0.00033568444908047717,-1.500274646622878,1015.3220904975406,-8.192525520975047e-05,3.1451741924124947,4.4435018091855,-4.44154475895566,3.145174193479486,-9.077102652309453e-05,-1.5001413524770197,989.2120707329336,ITSC_B40
0.0011131056695123265,2.071596074289612,2.93358328537228,-2.93079735786587,2.071596373335395,-0.0005896404185272346,-1.4997927680270493,429.1511534016361,-0.00016409445585142013,3.192295655869507,4.51073055357947,-4.51364990942801,3.1922956600870034,0.0005240901307908802,-1.5003133540995006,1019.0751581410318,0.00018545755794988962,3.1385237734626776,4.43589214040433,-4.43191470276979,3.1385237789420852,0.00010230094042474977,-1.499829479653397,985.0331510984907,ITSC_B40
-0.000334542013216228,2.084486678215234,2.9648756550514,-2.94771583874069,2.084486705060778,4.4372103008612546e-05,-1.4999179557234716,434.5084823575139,-0.0005589282530477569,3.1985847569723287,4.52529042142107,-4.52679131286522,3.1985848058065502,0.00013516869247893204,-1.5001402057714095,1023.0944759936526,0.0010554499602023232,3.1268909857895744,4.42882282893303,-4.42463378384307,3.12689116391772,0.00012649702132948954,-1.4994678751881447,977.7448350986714,ITSC_B40
0.0017368082212259627,2.1076598723538837,2.99109646406063,-2.98367954712419,2.1076605879585038,-0.0006674879920415868,-1.4996855575978787,444.22331540335864,-0.0010604457356663932,3.173467641516693,4.49826154885355,-4.48575062605336,3.173467818695926,0.00011677060229355556,-1.5001902023684606,1007.0897996298679,0.000860678892516043,3.1087865031707307,4.39967854175431,-4.3970612236901,3.1087866223117753,0.00021521322803588752,-1.5000065560761808,966.4554263064656,ITSC_B40
0.0017015443074306757,2.0855911811961305,2.95290462818994,-2.955370405141,2.0855918753044906,-0.0008613693003375169,-1.4996831950226392,434.9693470336102,-0.0005335737564981535,3.17014087741625,4.48227894877466,-4.48459371398511,3.170140922319767,0.0007014309547183182,-1.500390663659264,1004.9793467366424,0.0012626696712294593,3.0727874219648217,4.35759532490423,-4.34759579646932,3.0727876813928936,0.00024516944525333615,-1.4991173203268022,944.2024134919915,ITSC_B40
-0.0010924908058291471,2.092436172032338,2.95870756924589,-2.95434761862506,2.092436457234844,0.00046539838507293735,-1.5001487290818902,437.8290327565505,0.0004724033025102292,3.1837271330934547,4.50883523345659,-4.50504817737689,3.183727168141194,-0.0001331818156363631,-1.4998399660211554,1013.6118681160347,0.000993497877589718,3.0503379213953945,4.32357942234001,-4.31392444642661,3.050338083186978,0.00019214334386181126,-1.4999194745745343,930.4562421740808,ITSC_B40
0.0029114916664438662,2.1040587559158745,2.98270434025123,-2.98061321822197,2.104060770303458,-0.0012624707359345606,-1.4994948338964325,442.70717251299806,-0.0009142598936977553,3.172324461900266,4.49284777624542,-4.48411377717943,3.1723245936445355,0.0003942086411247408,-1.500269324258927,1006.3643327441968,0.0005765210573876528,3.03280882318669,4.29582350904449,-4.29230925749028,3.032808877983505,0.00040069169537391655,-1.500241833969513,919.7929690375568,ITSC_B40
-0.0005961853872654199,2.0842216258370856,2.95550964015315,-2.95947692976834,2.0842217111056107,0.00016366580591876734,-1.499980856302894,434.3980141044001,-0.0008321470419016741,3.171619269347123,4.48716951550579,-4.48690087252886,3.17161937851355,0.0005657764398253155,-1.5003270489592264,1005.9169482162677,0.0002263737933973009,3.011121846795682,4.25810383252337,-4.2567792167251,3.0111218553049848,0.00014996519321180244,-1.500245785114917,906.6854827495333,ITSC_B40
-0.00026291475858678746,2.098922732179935,2.97737683015096,-2.97849102763237,2.0989227486465176,0.0001637442881211524,-1.499910289018361,440.5476704785853,-0.00023073377916012826,3.166430150424564,4.47890649485413,-4.4800557369439,3.166430158831204,-0.00026754611605324033,-1.4999484484216756,1002.6279950755803,0.0006208641113786995,3.001400528344946,4.25334054451025,-4.24282310628299,3.001400592560341,0.00038340766067593567,-1.5004673593893754,900.8405517021566,ITSC_B40
-0.0007756128319259003,2.1271023480367264,3.01232437800202,-3.00995579387179,2.1271024894439434,0.00046608427898436503,-1.5001250944685438,452.45650005986204,-0.002009645944982186,3.2015440454569086,4.55411771170588,-4.52110908146898,3.2015446761957596,9.464781230769552e-05,-1.5001805702603497,1024.988831367741,-0.000878853403033934,3.0891921089748915,4.36662085690542,-4.38170957016407,3.0891922339886912,0.0003663935474084227,-1.5014078611865596,954.3108658536042,ITSC_B40
-0.001474888018624907,2.0797244633098946,2.96962271319907,-2.96051929639019,2.0797249862864793,0.0004916506312604772,-1.4999167835117466,432.52560185842964,0.0005795965951230065,3.1976047519728255,4.52944179115492,-4.52865899919363,3.1976048045015526,-0.0011698640068023383,-1.4994546066174013,1022.4676485771411,-0.0007938988135149317,3.1118256736948324,4.40125290323787,-4.40899851424635,3.111825774965819,-0.00018131756916561913,-1.5001217975068293,968.3459653741622,ITSC_B40
-0.001883995748660059,2.1033045986939953,2.97959838353468,-2.98797105535613,2.1033054424708,0.0010523020194811864,-1.5002058571297485,442.3893784327289,-4.6028225575320827e-05,3.1822370040365304,4.49781702790044,-4.5029362175155,3.1822370043694095,0.00010854647674643856,-1.4999698074003818,1012.6632351977992,-0.0006356705117444394,3.1375555146102334,4.4396006993092,-4.43669490007347,3.137555579003834,-0.00021626811133978546,-1.500387214723653,984.4255011338086,ITSC_B40
-0.001360720138937883,2.0565090928857446,2.93488299542268,-2.94091601198981,2.056509543056157,0.0006434060834213467,-1.4998421408860954,422.92315006810446,0.0014070992830154739,3.187900837863267,4.50579839833962,-4.50480909691776,3.1879011484012034,-0.0013369965271872338,-1.4990757992054606,1016.2713731977713,0.003450272153369433,3.1029812675980715,4.42144200979122,-4.41938883030399,3.102983185813688,0.0003017094209319686,-1.4976393394053351,962.8504651442465,ITSC_B40
-0.0005230545762174365,2.0833042815631893,2.96935798003696,-2.96856349652801,2.0833043472247654,0.0001373676241469201,-1.4994692349294032,434.0157003165606,-0.0006392575186734195,3.1764526636428227,4.48822958633286,-4.49077138675434,3.1764527279677495,8.397554043761387e-05,-1.500119041503679,1008.9851933013758,0.0010118753369334397,3.0527202720526168,4.32184214876232,-4.31565152848865,3.052720439754138,-0.00025300846020959573,-1.4988545079685567,931.9102083292698,ITSC_B40
-0.0025633284451794538,2.0782745341467885,2.93641518639043,-2.95184872212667,2.078276114941364,0.0011207713538546622,-1.500326341796431,431.92316099357697,0.002098123256035016,3.1839061789381646,4.51311313369006,-4.51085443485729,3.1839068702463367,-0.001125858520808004,-1.4987630384600887,1013.7262958401823,0.002795126662122128,3.023155909296272,4.29995871846149,-4.28088649600213,3.023157201444547,-0.0003081832183173027,-1.4981237490820292,913.9479464646026,ITSC_B40
0.001445731516698423,2.1227938626580753,3.03011938182037,-3.02363536828564,2.1227943549666817,-0.0009284356941110872,-1.4989992107768229,450.6255873478411,-0.0009149991440678517,3.1819236360924035,4.49914290460917,-4.50841296045469,3.181923767651723,3.683955230325053e-05,-1.5002342733658571,1012.4638863146934,-0.0006086720111525895,3.010990327457817,4.25745948409172,-4.27284356988437,3.0109903889793714,-0.0008720061791016287,-1.499134758438416,906.6063122526148,ITSC_B40
-0.0020710773576839347,2.10113228055947,2.99023392837179,-3.01336364230493,2.1011333012853948,0.001439847083425037,-1.4999105102318067,441.4761149770461,0.0013715509986106222,3.1792802261570916,4.50210549561838,-4.50309534044924,3.179280522002679,-0.0008548933517381364,-1.4989021000663152,1010.782463758563,-0.00023611375735585084,3.0339203307967217,4.28888286998356,-4.29285794347494,3.0339203399844554,-0.0003989312551490265,-1.4997102194208531,920.4672629371394,ITSC_B40
-0.00213121399652382,2.0873230972820926,2.96279824372379,-2.95818433214737,2.087324185295712,0.0008567764831417242,-1.500042488203484,435.6922254520407,-0.0005936505061327968,3.173154530415995,4.48592000398568,-4.49515880703286,3.1731545859476302,-0.00011197008288326124,-1.5001401942742403,1006.8910026320476,-0.003297614786679535,3.0741187685655196,4.34834035083164,-4.37635139395554,3.0741205372447693,-1.4423620860105964e-05,-1.500759892515182,945.0217077510068,ITSC_B40
-0.0006033499882285654,2.0648260667271003,2.93820978901769,-2.94064499257217,2.064826154877673,0.0007470123793100954,-1.5001278794352157,426.35070498669165,0.0009120844596813526,3.1759933619756184,4.49671300407323,-4.49788243145373,3.175993492942209,-0.0003262084789841745,-1.4992860045229395,1008.6934667211253,-0.00039570234882920147,3.116879926546525,4.40236332024081,-4.40203182900784,3.1168799516646484,-2.795016169289353e-05,-1.5003224063164253,971.4940633089022,ITSC_B40
-0.0009252557694792962,2.1684211359826353,3.06804806697992,-3.07094768995675,2.168421333383912,8.144865998342061e-05,-1.5002779807463131,470.20510790744635,-0.00041617687740624687,2.121561209840808,3.00228704281188,-3.02866675701743,2.1215612506605566,-0.002009700191534264,-1.4999932998444951,450.1022140304386,-0.0006070491383322496,1.9388320073607153,2.74612184960841,-2.74515997432092,1.9388321023943866,0.0003073254394286081,-1.5000706936043495,375.9069921275037,ITSC_A10
-0.00010996749487660385,2.1560849136103526,3.04798163940681,-3.04941070035419,2.1560849164147067,-0.0006346475610490464,-1.499665673956051,464.8702166791013,3.060940828021552e-05,2.1513542719288683,3.04556929548459,-3.05436336069222,2.1513542721466234,0.001274069106918691,-1.4997161351911215,462.8325204283527,0.0006238015873433999,1.9347596823269066,2.73625146592826,-2.74297751721998,1.9347597828893726,-0.0003089849490227975,-1.499889766782756,374.3295417486132,ITSC_A10
0.00015502969395106314,2.145653072994361,3.03356552342928,-3.03196384330941,2.145653078595035,-0.00035817566799133,-1.4997045309787274,460.3827133684352,0.0008488990629196502,2.1232169111587518,3.00659703087296,-2.99987713159597,2.123217080861053,-0.0006859218687485854,-1.4999853144903759,450.80507724601307,1.9589823871428712e-05,1.9369574104104923,2.74721160342098,-2.74575214331785,1.936957410509555,-3.0725968761667364e-05,-1.4999055484748118,375.1804010127881,ITSC_A10
0.00022883123902183166,2.148348382397381,3.04065243203596,-3.0376156809868,2.148348394584356,8.62357649953416e-05,-1.5000202274645953,461.54008245131786,-0.00018764306338889147,2.134349653787025,3.02112164357228,-3.02280356550671,2.13434966203542,-0.0003028920990905638,-1.5000181702865907,455.5448479830711,-0.002244416950687125,1.9312622338548537,2.73875730482932,-2.74045086312229,1.9312635380293102,0.0011102105963761888,-1.500316243697851,372.9778853321489,ITSC_A10
-0.00039387814193662994,2.1529678475292697,3.04145800969804,-3.04221068516059,2.1529678835586026,0.0005338874476088701,-1.5004192329062234,463.52707076348076,0.0008414723350178144,2.120972991739296,3.01480854540544,-3.00101786675954,2.1209731586616623,-0.00017949614182707481,-1.4998949937379615,449.85271397632295,0.0006912607967840189,1.9427005858668083,2.75041486685124,-2.75220377943109,1.9427007088506274,-0.00030344645088892436,-1.4998311955720147,377.40860441687306,ITSC_A10
0.001076680851361318,2.157025661152267,3.05976821207604,-3.05373747198415,2.157025929865246,-0.000599072234118296,-1.4992116700104046,465.27608621110295,-0.00016245029188360904,2.125103246771387,3.00790220621934,-3.00825395540876,2.1251032529805207,0.000354777994344818,-1.4999426833229743,451.60638358283904,-0.0003122282319354497,1.9247329122593413,2.72578154504048,-2.7200473177839,1.9247329375840159,0.00010043363282566972,-1.500020524621089,370.4596881020795,ITSC_A10
-0.0002551970970438666,2.1653229192760324,3.06337168084288,-3.06350189089878,2.1653229343143336,7.104910755825251e-05,-1.500182605553213,468.8623409867637,0.0010372324598421567,2.1105864572619093,2.9933097539466,-2.98524162563398,2.1105867121320916,-0.0008873605412676579,-1.5000131301777657,445.45762694285514,-0.0009636077568232748,1.9297345994182216,2.72775036958042,-2.72912884961319,1.9297348400056713,0.0005220126193414904,-1.500163361228964,372.38765527317133,ITSC_A10
7.300768391194757e-05,2.160331248239607,3.05437420341382,-3.0554927674518,2.1603312494732423,-0.0001424142626406054,-1.4998406308006174,466.7031107450621,-0.0008519563861554857,2.130409276296477,3.02163530091084,-3.01961879610588,2.130409446646293,0.00010129628127630482,-1.4999991739514758,453.8644410359764,-5.323871674010938e-05,1.9324850239765627,2.73804168509457,-2.73600691627746,1.9324850247099088,-3.543699574868015e-05,-1.49996385615272,373.4498370728057,ITSC_A10
-0.0004956938734940142,2.151617352259289,3.04162649131166,-3.04887277404833,2.151617409358757,-0.0003436076786731422,-1.4999030541926357,462.94574762556897,0.000637732484905702,2.117868635954938,3.00698587365897,-2.99457075836246,2.117868731971921,-5.4087726129289434e-05,-1.4999441446192319,448.53679658643534,0.0009208599731978761,1.9492147334738261,2.75759103378546,-2.75820682144622,1.9492149509929713,-0.0003758488680313614,-1.4998390234541517,379.9438925174531,ITSC_A10
0.0004731640617598298,2.1459260664746544,3.03916117372775,-3.03555692511731,2.1459261186395984,-0.0003707491423058975,-1.4995250007535337,460.4998906659612,-0.00034961130568524236,2.125418075308195,3.00632952854764,-3.01390445191134,2.1254181040620823,-0.0005441679374612355,-1.5000798575841279,451.7402117074856,-0.001174658779735509,1.9305645094121127,2.73763088364884,-2.72838992776532,1.9305648667747168,0.0005243586719361511,-1.5001439872722637,372.70807048248804,ITSC_A10
-0.0018326573826840775,1.9854211690465722,2.8318821706815,-2.85665932317606,1.9854220148702244,-0.0015175205955211383,-1.4998349454771658,394.19005771313414,0.0013043534945888613,1.9744423300968978,2.84446192260299,-2.7960536473587,1.9744427609369959,0.0023371280275577716,-1.4991731345202512,389.8424216216507,0.000461147890685738,1.9799384283129027,2.83832345024964,-2.82264882493228,1.9799384820159298,-0.0006110299218076836,-1.4994132462733447,392.01563925675447,ITSC_A10
-0.00020145213250155836,1.9705451479435145,2.78332691215917,-2.78606116471121,1.970545158240909,0.00014938697285368956,-1.5000860239128846,388.3048220666689,-0.0002711817977819531,1.9518850797306475,2.76573173635534,-2.75748305346879,1.9518850985687357,0.0008791942134103255,-1.4999836185218507,380.9855438014683,0.0008437432273741763,1.9738921735018273,2.79347764683308,-2.7930877048176,1.9738923538314852,-0.00039139210005285333,-1.4998639547383172,389.62510245144017,ITSC_A10
-0.0007525814114740426,1.970670448288611,2.78561246090055,-2.78455069212539,1.9706705919906595,0.0011603028416516592,-1.5002483217698082,388.35425821368165,-0.00016212285727945197,1.9616119132617287,2.77519763400581,-2.77280384993551,1.9616119199612752,-0.00032691655181989567,-1.4999817693849455,384.792132453416,0.0006798996793750644,1.9751820353450098,2.79294490304105,-2.79908634314195,1.9751821523629736,-0.0003346716896905377,-1.4998907003576398,390.1344535013229,ITSC_A10
8.149542067846571e-05,1.9798317665981933,2.8011858055906,-2.80359342516244,1.9798317682754834,0.00014490613803483287,-1.4999891845338755,391.97338306728267,-9.991545229532162e-05,1.9501590516270666,2.76308197277251,-2.75283165199424,1.9501590541866265,0.0007915305866038076,-1.4999582269864715,380.31203366260775,0.000360915475451824,1.9821255328192942,2.80437481326429,-2.80616379548352,1.9821255656779544,-0.000159845675416265,-1.4999228241128686,392.8821758114151,ITSC_A10
-0.0001178475791677025,1.9725983771312836,2.7905626256337,-2.79357475904093,1.9725983806515266,0.0001913682080989814,-1.5000426289412672,389.1144371349025,-0.0008693940027100711,1.9621967818814443,2.78175302149491,-2.7797618424175,1.9621969744834047,1.8938577198831503e-05,-1.5000748046954395,385.0216966671827,0.0007292372401974845,1.973130402679572,2.79354174611227,-2.79265368471705,1.9731305374367407,-0.000407755438698878,-1.4998606808429265,389.32441177654016,ITSC_A10
-0.0002798642465904422,1.9798115991357816,2.80040326776349,-2.80097386384583,1.9798116189164505,0.0004459476346419695,-1.500048347097069,391.96540463965766,0.00015780306647757646,1.9559560267426477,2.76905114117088,-2.76869352540623,1.9559560331082835,0.00015794330642784026,-1.4999489540220883,382.5764003452693,0.00024546327134622903,1.98374167899556,2.80896333838679,-2.80915634434192,1.9837416941820678,-6.86118914496255e-05,-1.4999567070682223,393.523110923634,ITSC_A10
6.901832823959842e-05,1.9784415152433794,2.79873606210401,-2.7979168160818,1.9784415164472386,2.736136976202033e-05,-1.5000085769107645,391.423083400205,-0.0008764492623545883,1.9674151013985497,2.78198561227947,-2.78715767295809,1.9674152966200027,0.0012760840370279708,-1.500113620093737,387.07229493743733,0.0008853886662310284,1.9746356219850567,2.79450509144265,-2.79415593795503,1.9746358204806782,-0.00048223179598261577,-1.4998318192770455,389.91866235254014,ITSC_A10
-0.0010554482971042378,1.9789678185253265,2.8002842421161,-2.80034950788955,1.9789680999778643,0.0010911997571380332,-1.5002105820701435,391.6314740729998,0.00034792511981899697,1.9538445172844927,2.76350824309331,-2.76427905960686,1.953844548262364,-0.00024872879110221643,-1.499922727068823,381.7508518774561,0.0006384273901167647,1.979526810784791,2.79996227459758,-2.80073444677024,1.9795269137360418,-0.0003058114278563241,-1.4998707885907616,391.8526802205339,ITSC_A10
2.8933360929592754e-05,1.9751534326067923,2.79295976882422,-2.79352556611886,1.9751534328187104,-0.0001353018465398509,-1.4999775711103123,390.12310831755354,-0.0003832883747610505,1.957776978780448,2.76951677859939,-2.77068395726377,1.9577770163000374,0.0006589248780478412,-1.5000697471218623,383.2890845552677,0.00022531915630020995,1.9694762050749768,2.78824022487653,-2.78376418065828,1.9694762179638665,-0.0001784446513047953,-1.4999243268842766,387.88365731252554,ITSC_A10
-0.00010510360025633991,1.9751522929316245,2.79346639041505,-2.79418154205008,1.9751522957280587,1.6823362724257593e-05,-1.500031469024688,390.12265913198206,-0.0002478580286897625,1.9475844637979896,2.75529183592959,-2.75828195403845,1.9475844795697324,0.00047122029982320853,-1.5000652804774757,379.3085305060905,0.0005410556229458452,1.9695441288730817,2.7863438048295,-2.78608142915047,1.9695442031900716,-0.0002993770202894652,-1.4998710661691177,387.91043683196136,ITSC_A10
-0.00023461684445056364,2.13715258075766,3.02387937688718,-3.02150567520976,2.1371525936357916,0.00010247969987959367,-1.5000410284905734,456.74212084841906,0.0007878096065027251,2.225779050061809,3.15341674575656,-3.14512655286458,2.2257791894835446,-0.00016587437483863308,-1.4998761007574952,495.4093000338025,0.0006515592133844183,1.8659363574104324,2.64157383328283,-2.64066370267139,1.8659364711681696,-0.00036607291892995817,-1.4998507198731463,348.17189144355217,ITSC_A10
0.0011468370677504213,2.1410552151223734,3.02695699197476,-3.02866250571565,2.141055522268858,-0.0009510086412916095,-1.4992361638206522,458.4118749437973,-0.0001554195373904732,2.23359810275931,3.16369684916793,-3.15889963837808,2.233598108166557,-0.0005158055848689529,-1.4999889504352322,498.89605088052224,-0.0014513263105803854,1.866232656893942,2.63684698279731,-2.64983929477034,1.86623322122544,0.0007874278437359931,-1.5002500757080959,348.2826436005482,ITSC_A10
-0.00023102110450958112,2.145577778238965,3.03073628278446,-3.03180184631621,2.1455777906763496,-4.3186993643663866e-05,-1.5000872865797679,460.3504055843605,0.001498311688217293,2.219159543339066,3.1472506816756,-3.13280698989407,2.2191600491471473,-0.0007549613340036578,-1.499823414312679,492.4671323730769,-0.0008268662972796781,1.8851187534859932,2.6679517919711,-2.66985177604825,1.8851189348294333,0.000509796451171123,-1.5001542134804615,355.3673398452457,ITSC_A10
-0.00014489277397884416,2.1343144128129268,3.01935147867145,-3.01505367861347,2.1343144177311144,-0.00042487462065622655,-1.499758217496389,455.52980337349055,-0.0006465368420494233,2.2398337170254337,3.17137506056092,-3.17819824374291,2.2398338103381374,-0.0010552266218203982,-1.5000207532503271,501.685549793386,-0.0005126559210435433,1.8680250877711841,2.65249449269284,-2.64431701604388,1.868025158117158,0.0001682055252404896,-1.4999924362443904,348.9517991358633,ITSC_A10
-0.00016236724815106075,2.124570946167494,3.00624138164078,-3.00556724871578,2.124570952371835,-0.0006450011179381521,-1.4996825421908582,451.38017316621654,0.0005433151804100134,2.235050235550089,3.17607575408293,-3.16569257145737,2.235050301586945,0.0009730095469628831,-1.4997651055517396,499.54498506238934,-0.00040819961192066766,1.8740715405364248,2.65411244799401,-2.65816744694357,1.874071584992284,0.0002984220976025888,-1.5000546323734807,351.21443056754913,ITSC_A10
0.0002639533966680974,2.1153638017643663,2.9889773980317,-2.99066291414032,2.1153638182323125,-0.0006614017587329324,-1.4994682842801508,447.4764083486388,0.0008972305593539765,2.2238145791277675,3.14161997182894,-3.14388806139282,2.2238147601281644,-0.0011977743726287544,-1.5000059188628971,494.5352087363886,-0.0001202221823015437,1.86748654853007,2.65352702665781,-2.64368727550773,1.8674865523998094,-1.5362681580666712e-05,-1.4999141814928114,348.7506023394126,ITSC_A10
0.0008151259540634448,2.1181402710722335,3.00050858425693,-2.99873242922734,2.1181404279150797,-0.0005748882930758758,-1.4993189833117673,448.65188723682763,0.0007552158057244008,2.236853625448111,3.16394250240825,-3.17439489462687,2.236853752937655,-0.002042002165875283,-1.5001325091871334,500.35147120312706,-0.002115907331111906,1.8708329577884268,2.65435584126837,-2.65161718481414,1.870834154330957,0.0010850820337635614,-1.500304644836495,350.00204330112274,ITSC_A10
4.2582461117874895e-05,2.1234398795198812,3.00410506353488,-3.00349971743476,2.1234398799468455,0.00011649314739530177,-1.5000638288752548,450.8996923748673,0.0008790774049109684,2.2395483430300875,3.17999546164972,-3.17721718862809,2.2395485155597528,0.00024870179496213056,-1.4997811720330823,501.5577553545892,-0.0010505690996915095,1.8917025668130856,2.67539206791971,-2.675560432005,1.8917028585331919,0.0006349864285322362,-1.5001979840486284,357.8539704982649,ITSC_A10
0.0004787235448923877,2.127093527487161,3.01461247813154,-3.01065836308414,2.127093581357907,-0.0001743768852856917,-1.4995775524030555,452.4527103854006,-0.0002630136260350113,2.2383247491150113,3.16611787059312,-3.1798635281248,2.2383247645676767,-0.0012099010237352796,-1.5001512785507671,501.00977516769444,-0.0011922078305671713,1.878274130732101,2.65513641797972,-2.65766256009077,1.8782745091005577,0.0005877635960327397,-1.5001942441175338,352.7915131536941,ITSC_A10
0.0005084677395005044,2.133296295557546,3.0184900599602,-3.01756835152482,2.133296356153779,-0.0006301558219192308,-1.4992567388744158,455.09533431789913,0.0009402964961495752,2.2495879756534163,3.18839474315341,-3.18891127684135,2.2495881721688384,-9.804170396106402e-05,-1.4998621090361368,506.0646944361935,-0.00010783875972109503,1.878198065314638,2.65809920114675,-2.65531336388752,1.8781980684104773,4.355814727746619e-05,-1.500006964765498,352.7627984180848,ITSC_A10
-0.001270420427463219,2.1346929914061,3.01815203005152,-3.0238881196055,2.134693369438896,0.0004658895194557155,-1.5006280575061066,455.69157815263867,-0.0014108192132492436,2.2618391705063834,3.2016609859446,-3.20399462204734,2.2618396105046568,0.00043260927515661644,-1.500046662142429,511.59184236478575,0.0011826541165415394,1.8954937854521696,2.68063221486175,-2.68548884221864,1.8954941543984134,-0.0006100462060786325,-1.4997907727741597,359.2898089358556,ITSC_A10
-0.0003483209871836346,2.1198911208996654,2.99657195126061,-2.9949740263534,2.1198911495161132,-5.020621620367009e-06,-1.5001494794460828,449.39384857967485,-0.0002287895121034911,2.260516600584671,3.19735000508476,-3.19211221754306,2.260516612162697,0.00059524128509095,-1.5000226766062414,510.9935353863517,0.0012408426312738063,1.8986265868131103,2.68828797933685,-2.68761167168039,1.8986269922878571,-0.0006559253294833717,-1.4997601021304126,360.4784455844035,ITSC_A10
-0.00013617683316926365,2.1271343308433197,3.00940512880515,-3.0200683013448,2.1271343352022662,0.0016589102657460586,-1.500722078406618,452.47004799963867,-0.0015486111312136154,2.2668953458407457,3.20654010175961,-3.20612816948114,2.2668958748012384,0.0012924836004438117,-1.5001302143913542,513.8816907190871,0.0008450748766306493,1.9000436530442089,2.68948364655994,-2.68946814176154,1.9000438409744997,-0.00039657498009044046,-1.4998643382542685,361.01665976251303,ITSC_A10
-0.0004794223258759822,2.1402700892866973,3.02737680183118,-3.02945701485762,2.1402701429822018,0.00031153190760853584,-1.500247017611438,458.0756284941054,-1.6962066039682977e-05,2.2621358229000763,3.20172767254354,-3.19712624579952,2.2621358229636694,0.0004818761382571316,-1.5000040432735953,511.72584815355174,0.0021022796705138713,1.8968672196794336,2.68520691515835,-2.68337064234868,1.8968683846472316,-0.0011222941299430824,-1.4996193277067587,359.8109668674198,ITSC_A10
-0.0010829311944940256,2.128996241600919,3.01508701696505,-3.01093950250097,2.1289965170217657,0.0007906743453277836,-1.5005385074946311,453.26261694908106,-0.0006795548971086662,2.255564388357556,3.19372654985668,-3.18930881358233,2.255564490725471,0.0012089945129159605,-1.5001227271033892,508.75711718216536,0.0005338414717647133,1.9104782064101147,2.70470909393209,-2.70469088468426,1.910478280995292,-0.00022309126597000646,-1.4998694091523075,364.9927262154726,ITSC_A10
-2.9083249498853546e-05,2.128632910280942,3.00981466771347,-3.01783783681473,2.1286329104796224,0.0008748673572968558,-1.5002082859103845,453.1078067576948,-0.0008956416858177951,2.253755234718885,3.18838791134855,-3.18951340790448,2.253755412682753,0.0012933889857713115,-1.5002338815867842,507.94134601968045,0.0012013637054222892,1.9003633237868531,2.69046182871178,-2.69017835593633,1.9003637035233463,-0.0005958633117741156,-1.4997978020806166,361.13822056689685,ITSC_A10
-0.0006571913747519576,2.14230476929724,3.02937656288886,-3.03007148176194,2.142304870100006,0.0008304501605307477,-1.5003437708944696,458.94701564542027,-0.0009059624021940738,2.256006793903693,3.19661991111193,-3.20286459435734,2.256006975810912,-4.071051510944147e-05,-1.500091842502594,508.95674749074954,0.001882887547838239,1.9040821686593763,2.69915396480897,-2.69901606122152,1.9040830996235725,-0.0011778661487738893,-1.4994274129376672,362.5532450272112,ITSC_A10
-0.0009929568696789848,2.124477638234742,3.01390306221248,-3.01234015176368,2.1244778702831457,-0.0001702501264885887,-1.500100583749208,451.34062213228117,-0.0006069146857830543,2.258359350770476,3.19923571644378,-3.19225956677298,2.2583594323220293,0.0016132257681564267,-1.5003290071926012,510.01873255578795,0.0014460645941674866,1.9028323880029008,2.69810250002851,-2.69294358910665,1.9028329374739217,-0.0006114922809679557,-1.4998079702551592,362.07731879356334,ITSC_A10
-0.0003967010315967578,2.122569347722602,3.00522860647474,-3.00186021956043,2.1225693847936427,0.0016064678216006379,-1.5003410588350372,450.53007932632624,-0.0006839020650490179,2.259924082536513,3.19716124599154,-3.19459452555755,2.259924186018313,6.0499220047882616e-05,-1.5001078125995624,510.72573265505355,0.000549047927666173,1.901607036392789,2.69442009326622,-2.69820252165398,1.9016071156556482,-0.00048350253675931605,-1.4997141886854957,361.6109622312194,ITSC_A10
-0.0004474801550580265,2.13612936287579,3.02119306286505,-3.02092685916263,2.136129409745256,0.000821258865185182,-1.5001150847517604,456.3048855178616,-0.000510616757197484,2.261082221708518,3.19621845737585,-3.19709618940391,2.2610822793644196,0.0012349756172045905,-1.5004016115106436,511.2493074055799,0.0015797606939922648,1.8970162542692128,2.68646941333042,-2.68124340053433,1.8970169120504554,-0.0007679096871167065,-1.499753771697515,359.86731646054454,ITSC_A10
-0.0002753476912414499,2.1066637267525525,3.00030464428925,-2.99065906379699,2.1066637447469647,-0.0023389865701090415,-1.4987569037226942,443.80321334313044,0.001137161266435185,2.703711987294071,3.83223519429949,-3.82944001952467,2.70371222643487,-0.0002238708458600604,-1.4999713219138338,731.0059803373401,-0.00022400696338859216,2.5637911146919374,3.65861955611625,-3.65983398379208,2.5637911244780547,-0.0003195331439965847,-1.499568664757356,657.3024929952447,ITSC_A10
-0.00015966677403058682,2.0746606712730973,2.93250867745812,-2.92886400808256,2.074660677417109,-0.00037774522218800597,-1.499800688649569,430.42169264208167,0.0006102868392656591,2.708741387327585,3.83308383763491,-3.83098101467219,2.7087414560772305,-0.00014629193926970926,-1.4999685864285848,733.7280275871395,-0.0027078828044761537,2.560976377036117,3.62241517112161,-3.62932641891014,2.560977808643862,0.0011499124181996519,-1.5004164830640854,655.8607336366318,ITSC_A10
-0.0005999605052768575,2.052708952157856,2.92220878901492,-2.92283823048215,2.052709039835313,-0.0022081121315208558,-1.4985206227656052,421.3614402221612,0.0004549282896886697,2.6961007539985378,3.82252016757047,-3.81120794721314,2.6961007923798457,-0.000776789747166094,-1.5002077585549642,726.8959482671231,0.0005556664350246843,2.5600998418069256,3.6327737393486,-3.62956509694628,2.5600999021102737,-0.0003005787829693094,-1.4997880857465822,655.4111508785033,ITSC_A10
0.00045528439185975154,2.0382000323279543,2.8957213025607,-2.88754960204253,2.038200083177692,0.0007177950731817265,-1.500404294385169,415.42595790655514,0.0010643270543170447,2.7152876990952226,3.84779698692788,-3.84262452388453,2.715287907690436,-0.0005682204906566305,-1.5000560369295768,737.2788421649907,-0.0018197600909145883,2.554207445461961,3.61578457246703,-3.62293412227969,2.5542080937112597,0.0007782243463207005,-1.5002571469603831,652.3978985980107,ITSC_A10
0.0007926005357310517,2.058262740715665,2.91649663087695,-2.91646043232123,2.0582628933238754,-0.0003251302424593732,-1.4992421405297938,423.64461380339696,0.0015607582588022528,2.6944154238529157,3.81044592627187,-3.81821694084708,2.694415875892738,-0.0007300704482750451,-1.500125633871688,725.9876912262831,-0.0006857426209206485,2.5387124452166248,3.61626087548936,-3.59823179790579,2.5387125378310786,9.786766177775757e-05,-1.4998531975262508,644.5061349740716,ITSC_A10
0.000286148805121087,2.0633687375197614,2.92965950131347,-2.91898115507531,2.0633687573613773,0.000470767623631947,-1.5003489058832675,425.7490628855034,0.0009532361621838348,2.6951562359207597,3.81380811372647,-3.81390914119918,2.6951564044933902,-0.0005290907713411671,-1.5000852299563603,726.3868044681739,-0.002634510650596331,2.5434010004756398,3.60023040758588,-3.61013211946584,2.543402364917288,0.0010837206991314416,-1.500319679219876,646.8895589866853,ITSC_A10
0.00015898495905631639,2.074952277263197,2.94187266460145,-2.93934397098483,2.0749522833539915,-0.0010323473957953974,-1.4988635724624828,430.5426978195943,0.000877332840611964,2.6836555718954997,3.80715873633755,-3.80153786861828,2.6836557153030407,-0.0011947861268344674,-1.5003744946991118,720.2007998278675,0.0001290602415327724,2.570198763048789,3.63758588181866,-3.63888768675795,2.5701987662891117,1.7729496327497435e-05,-1.4999976627739586,660.5921698234071,ITSC_A10
-0.0002732628680689375,2.0454105353084358,2.8879535672608,-2.90263290139415,2.0454105535621294,-0.0009336839309886404,-1.4993608519287847,418.3704332623337,0.0001584614536203688,2.7072764234117637,3.83007376314081,-3.82594979390474,2.7072764280492714,-0.0002084583806761036,-1.5000490191862084,732.9345657871222,-0.0017064164046357133,2.5616066165664644,3.63438756996336,-3.62552853017198,2.561607184931764,0.0006281423202299526,-1.5001421281575082,656.1831369894038,ITSC_A10
0.0017000060402772466,2.073905043149336,2.960016538059,-2.953023276746,2.073905739907383,0.0010935756448852084,-1.4997141930888578,430.10850180207876,0.0005556537507760195,2.7075634544267113,3.82859809805199,-3.82671003675246,2.70756351144312,-0.0007484304548041367,-1.5002507742741622,733.0900168498198,-0.0013806324586528617,2.552567890081755,3.62119602244269,-3.61764949274848,2.5525682634598446,0.0004658928628017382,-1.5001055482863133,651.5604739622407,ITSC_A10
-0.00034660900778570313,2.080079323089832,2.93859924975053,-2.95198656844033,2.0800793519680103,-0.0007021253688093735,-1.4994801404535871,432.67301104836577,0.0008234538465195129,2.7129837041494667,3.83195856574786,-3.83162309815105,2.71298382911819,-0.0004312953937207764,-1.5000960116937536,736.0281257056797,-0.001142344714703638,2.561698826306093,3.63253061654657,-3.63486791790409,2.561699081010387,0.0005581347459090787,-1.5000322580141927,656.230218164946,ITSC_A10
-0.0005649987116830956,2.476975361520299,3.50442195483151,-3.50466333316022,2.4769754259584733,7.615731647994629e-05,-1.5000846103040777,613.5407260802159,-0.0009173683455858517,2.474201719809163,3.51727094768403,-3.51722335765265,2.474201889877077,-4.805042449094794e-05,-1.5000869375041168,612.1674991871299,0.0005587562588390949,1.9273962203278268,2.73368280176936,-2.73948240175457,1.9273963013201383,-7.213445671971032e-05,-1.4999447050476884,371.48565023425493,ITSC_A20
-0.0011445869246118812,2.460797104017539,3.48655101140095,-3.47740763467507,2.4607973702075374,0.0007918135928497519,-1.500543659795766,605.5523697220333,-2.7500093326602303e-05,2.4959784288518247,3.53943231838853,-3.53747878416312,2.4959784290033196,0.001234589282219481,-1.5002032640027596,622.9908318049879,0.0025095020076217355,1.9341318438486241,2.7552013495696,-2.75157093135288,1.9341334718652703,-0.0017690465387882478,-1.4986789404286658,374.0872286989604,ITSC_A20
-7.810690468936121e-05,2.4612365590577587,3.48226865304944,-3.48305877021357,2.461236560297113,4.332215766561921e-05,-1.5000376744336306,605.7685405743165,-0.00035554520859014225,2.4779298533733427,3.50630674996216,-3.50623083059409,2.477929878881005,0.0002848609385828898,-1.50015197289378,614.0136484651232,-0.0008626131206074871,1.9175434113628924,2.73087663959965,-2.72815328081568,1.9175436053875374,0.0008791870502294271,-1.500173748047961,367.6973478562636,ITSC_A20
-0.000345382384579751,2.4719829998624343,3.50194734600285,-3.50046815230344,2.4719830239906324,0.0010873894461781084,-1.5003207455096768,611.0700070897872,0.00021563059333571055,2.470046636421346,3.49512698374686,-3.50166359254799,2.470046645833426,0.0006011901019708633,-1.5001267654307218,610.1130432592956,0.0021013868378012422,1.925853007313208,2.74265090693238,-2.74611763066639,1.925854153772806,-0.0015877547251611467,-1.498897278609119,370.8914221603971,ITSC_A20
-0.0012509580890051608,2.454916931676487,3.4876077904378,-3.47887560514459,2.454917250403369,6.702873633153025e-05,-1.5002061647661349,602.6618706328038,-0.0011260560045472667,2.4730420062817773,3.505794443543,-3.50216789789612,2.473042262646622,0.0004209413561597016,-1.5003427289382796,611.5938032836324,-0.00013812347531551693,1.9192809007845442,2.7279930549805,-2.7156665440206,1.9192809057546596,0.00043519641776183874,-1.5001624912553837,368.3639195194426,ITSC_A20
0.0001842454193912424,2.455532621137032,3.47266066734609,-3.47056551003316,2.455532628049254,9.53258290773043e-05,-1.4999746623527888,602.9640487414476,0.00034235633179204863,2.4690627316631,3.49234382192219,-3.50105298294125,2.4690627553983937,0.00042431492704882965,-1.5000650140575766,609.6270890095508,0.0018040903322006495,1.912317597224567,2.71593901855698,-2.72840695982383,1.9123184482184623,-0.0013865533946210067,-1.4992325981657268,365.69618473966676,ITSC_A20
-0.0007251957958297161,2.4623541013951717,3.48682486495723,-3.4842162411752,2.462354208185038,0.001805239932833135,-1.5004137362547947,606.3188246566566,-0.0004149222552024878,2.4599527529886736,3.47929121274259,-3.48414043000108,2.4599527879813126,0.0009577501348204142,-1.5005051631576931,605.1367719097032,0.00018097627246941973,1.926479819378055,2.73381889575525,-2.73221744736452,1.92647982787864,0.0002866513092655954,-1.5001194854918565,371.13245272233144,ITSC_A20
-0.0005875293236818368,2.4650341250712042,3.49029251245619,-3.49316238608059,2.465034195088633,-0.0004483388116377916,-1.499989276705853,607.6393582956264,-0.0008814949961472118,2.4649481895131746,3.4939293815611,-3.48561542860212,2.4649483471297535,-0.00015678413051585914,-1.5001159440233263,607.5970354017704,0.0006744222752118567,1.9196168455313543,2.71478762948753,-2.72353472845172,1.9196169640043175,-0.00045529852868871274,-1.499808387131394,368.49292884931526,ITSC_A20
-0.0008256166520801189,2.4495640971447092,3.46145451240044,-3.46397053475757,2.4495642362802474,0.0008695901449408154,-1.500236692258793,600.0364947663231,6.665815717964152e-05,2.4765772749019175,3.50738455370423,-3.50339336259409,2.4765772757989835,0.0009481403304768512,-1.5004154895743747,613.3435003003915,0.0015719004686889227,1.921166445411544,2.72168976370567,-2.72169540337007,1.9211670884767704,-0.0010165718548221334,-1.4995364925519867,369.08829818463107,ITSC_A20
0.0003156749800687786,2.4602818340316275,3.48057005355722,-3.48088636925854,2.4602818542835134,0.00011158971431181886,-1.499963348416815,605.2986802516723,-0.0011192098027522767,2.4676090142981115,3.50963157738094,-3.5016415334556,2.467609268112738,-0.0005265854954639885,-1.499856724948312,608.9095500075882,0.0008800365374712982,1.9308708544512942,2.73894803965222,-2.73101514482328,1.9308710549992143,-4.44217866930517e-05,-1.5000497170210914,372.8263031033779,ITSC_A20
0.004731999551787393,2.375134563879436,3.3836252370805,-3.3865878422213,2.3751392776749993,0.00037817303540560763,-1.4986247531123806,564.1286588354518,-0.0019755959622843257,2.536441871497721,3.60890862984436,-3.6077606904419,2.536442640878415,-0.001964078181887875,-1.4991584082975256,643.3541270466268,-0.0008252525216252193,1.8255534330598708,2.61923108071045,-2.639112680355,1.8255536195900697,-0.0005320719971720686,-1.4988123806446618,333.2646017998405,ITSC_A20
-0.0005242719708013865,2.3835572139118755,3.38408121717122,-3.37622709201868,2.3835572715696265,-0.0007638286335990721,-1.4997603043767742,568.1345266852442,-0.00034841402243789065,2.5319174361521792,3.5810045943333,-3.578287949345,2.53191746012459,0.00019506968407025595,-1.500110007145964,641.0606024883755,-0.0003684920702144634,1.8269478226005982,2.59655900255793,-2.596271616932,1.8269478597626898,0.0006389298328836197,-1.5001474741100025,333.77384822914735,ITSC_A20
-0.0005631706120126401,2.366898356030804,3.35041779423816,-3.34741365403984,2.3668984230301184,0.00017888116478939416,-1.5002051109582324,560.220814494246,0.0003079184920593747,2.529099774335436,3.57944158620817,-3.58243182969977,2.52909979308001,0.0005362470578681752,-1.5000471713800352,639.634576335735,0.000151366236872974,1.8183868334000928,2.5895016748764,-2.59656036262907,1.8183868397001097,-0.0005041859703384927,-1.4994551822350077,330.6530698794553,ITSC_A20
0.00011173097852124725,2.369117317093334,3.35098843184027,-3.35946937666436,2.369117319728031,0.0008490557857847104,-1.5002826748257705,561.2716874635329,-0.00047182024968525415,2.526832652712961,3.57819291414229,-3.57651335536663,2.5268326967630386,-8.797759266607843e-05,-1.5000346344842805,638.4883477430769,0.0006911534817434451,1.8343016688582436,2.60962142490672,-2.60453604257065,1.83430179906941,0.00011683249675337817,-1.4999279679021287,336.46630900692736,ITSC_A20
6.948001202186304e-05,2.3897527892926504,3.38654288721762,-3.38136157169144,2.3897527903026865,0.0002489461916456275,-1.5000093396797498,571.0918398759476,0.0002028866516449246,2.5210427011774694,3.56406254844243,-3.57218184314493,2.5210427093413523,0.000521348410963502,-1.5000797332042768,635.5656342323185,0.000571298383340384,1.8192978325403077,2.59242586545564,-2.60491057934615,1.8192979222402537,-0.000860021420234558,-1.4992239832294854,330.98449298677036,ITSC_A20
-0.0008505333527244496,2.3662281846506477,3.36467434414518,-3.34643845788021,2.366228337511425,-0.0003882286766479317,-1.5000250735016596,559.9036545242084,-0.0008010904952083886,2.5207203359783614,3.57237215750171,-3.56431361241468,2.5207204632725233,0.0002102428710221683,-1.500220499779724,635.4031653960844,0.0003215758777515099,1.8274958473183094,2.59564811498636,-2.58990805315381,1.827495875611409,0.0001945465076455802,-1.500065304272424,333.9741175376711,ITSC_A20
-0.0004003055385704779,2.3660651136228728,3.34769974811304,-3.34975510067321,2.3660651474859566,0.0003983655533492973,-1.5002115479495919,559.8264282147742,0.0002683659156884455,2.5262044277531444,3.57720608520452,-3.57848111301604,2.526204442007783,0.00020986106514082526,-1.4999784373452145,638.1708882819855,0.0005061944615871638,1.8195238597325387,2.57725179898276,-2.58961539859739,1.8195239301445936,-0.0005481439935424435,-1.4996767994230151,331.0667332368828,ITSC_A20
0.0003319081591441919,2.369920674975248,3.35406447010224,-3.36695454418135,2.3699206982171708,0.0010586591726579866,-1.5001470583608898,561.6524115838162,-0.00045376557146965536,2.5247684147610014,3.57111410158784,-3.57453917932863,2.5247684555376506,0.0004611526680149473,-1.5002384064883638,637.4455754077975,-0.0007144287606465349,1.8356784237574015,2.6051951231258,-2.60125920059417,1.8356785627818704,0.0007530497835257306,-1.5002682202451576,336.97157858569136,ITSC_A20
-0.0006085090752638766,2.3802547170362693,3.37409391762129,-3.37247455504042,2.3802547948185517,-0.0004519971267118031,-1.4999406349964717,566.5612888256707,6.656350043841131e-05,2.510036922936267,3.54803027188279,-3.55837558485705,2.5100369238188636,0.0005338088830030651,-1.500130933499486,630.0285358934062,0.0023017015500590697,1.8125728788255484,2.5786006511775,-2.59528827451429,1.8125743402365495,-0.0018449065727158312,-1.498949724090103,328.54257388839625,ITSC_A20
3.8329576683522325e-05,2.363333430690217,3.3396475936482,-3.34927679347161,2.36333343100104,0.0004431877545615491,-1.5000986260335436,558.5344906087148,-0.000593100097103959,2.5174127925138525,3.56946726216245,-3.56195610244418,2.5174128623807657,-0.00027842141312193797,-1.5000511845716622,633.736751968012,-0.0008794454857620471,1.8346321617806391,2.61114333859586,-2.60095152661561,1.8346323725652136,0.0011457311037944434,-1.5003585738820069,336.5875942464264,ITSC_A20
-0.0005822222829270119,2.44709895584577,3.46199113934874,-3.4566544789682,2.447099025107943,0.00019999902910784493,-1.5002973588077475,598.8293638684246,-0.0001929722383502497,2.6243142761173233,3.70889008908671,-3.71310839117522,2.624314283212183,3.9712732413423776e-05,-1.4999834910655647,688.7025457071475,0.0016513786905160987,1.8532999260847078,2.6269450391939,-2.62879374785216,1.8533006618131782,-0.0006163003802947104,-1.499767843497553,343.4723343077164,ITSC_A20
0.00016818667900192708,2.4542007757909836,3.47401805654282,-3.47151372598751,2.4542007815539106,0.0002230110754764713,-1.499950123291827,602.3101476179825,0.00016459313432287237,2.612482215236534,3.69684018526672,-3.6948672372506,2.612482220421431,-0.00022570170475386217,-1.4999481971251403,682.5063352018088,-0.0015213197651832155,1.8531008460874108,2.62747807364155,-2.62670060611115,1.8531014705578606,0.0006594100987798444,-1.5001094883451542,343.39850601837054,ITSC_A20
-0.0013985042117653967,2.431829618714673,3.45986923694131,-3.44835817449895,2.4318300208427357,-0.0005554509066220285,-1.5000276437100857,591.379725027198,0.00017952194690066926,2.6133059584352694,3.69696537922988,-3.7016410558799,2.6133059646014303,0.0007259732868218516,-1.5000720348947962,682.9368064621412,0.000861023241041301,1.8446219161473403,2.60649440327668,-2.60526832047272,1.8446221170993549,-0.00047504436626320687,-1.4998411190228538,340.2630754892106,ITSC_A20
0.0012142056928968192,2.4334110094529664,3.44976488618446,-3.45737700434488,2.433411312380702,0.00038101082966895267,-1.4996773723557577,592.149061522237,-0.00031242239965604266,2.610823204531464,3.69900153464152,-3.69374327313649,2.610823223224372,-0.0005666669331442388,-1.4999252781557,681.6397902927699,0.00018486385687898732,1.8540998031159939,2.62459441927633,-2.62379642572732,1.8540998123319608,2.3799995975366024e-05,-1.5000124122530991,343.76861140894124,ITSC_A20
-0.0006677061984416821,2.4385786743279763,3.45451295453402,-3.44523134644275,2.438578765740151,0.0002693044696911164,-1.5003502311088786,594.6666396718758,0.0001396830739058852,2.614229710401866,3.69871100461272,-3.70147997787678,2.6142297141336273,0.0008846623381003851,-1.5000841937191673,683.4196998259187,0.0007488221502015957,1.8492805545433872,2.61531836326941,-2.61554993736872,1.8492807061522356,-0.0004303714070682809,-1.4998538563987824,341.98391301469115,ITSC_A20
3.526437840415842e-05,2.445585310529525,3.4626484328909,-3.46108105095054,2.4455853107837746,3.294385050069959e-05,-1.499917499940748,598.0887512321372,-3.8425777310869824e-05,2.602299020706059,3.68991706066033,-3.68515952281721,2.602299020989758,-0.0007096782175256695,-1.4998487385087318,677.1960194644253,-0.0006629118346937845,1.8594333753113002,2.63652873946693,-2.63928778366242,1.8594334934795798,0.0002491656884777635,-1.4998032801734904,345.74929166736746,ITSC_A20
-0.0009063010203703814,2.4239363727061543,3.44170456337361,-3.42811572715728,2.4239365421374806,-0.00031669617872702286,-1.5000687252240774,587.5468360309407,0.00012718336174645905,2.605277361795048,3.68592409444856,-3.69323362653932,2.605277364899441,0.0007749631913508249,-1.5001196688506009,678.7470148057374,0.0007457579097947465,1.8442621331880384,2.61976853042655,-2.62546573910566,1.8442622839678076,-0.00019480844091692955,-1.4998294336629445,340.1303372066154,ITSC_A20
0.0007951902124422893,2.426544314807876,3.43577393985995,-3.43875737627148,2.4265444451016958,2.089898766049023e-05,-1.4997597730895924,588.8117944053897,8.920927232582421e-05,2.603088967505252,3.68207536148757,-3.68288678859881,2.603088969033877,-9.671764564219172e-05,-1.4999299724273454,677.6072180705853,-0.0003752617779028178,1.847845142116884,2.63143655748756,-2.63163415281552,1.8478451802211056,-0.00012763750153794802,-1.4995408844783376,341.45318100663695,ITSC_A20
-0.00042938402479313797,2.4290781498071223,3.43594477541696,-3.43374561990822,2.429078187757865,0.0004320071989583253,-1.500329409353086,590.0420842241032,-0.00010589713652724985,2.596727505196325,3.67447982290857,-3.67078417050869,2.5967275073556197,-2.2777740173297954e-05,-1.5000042823845812,674.2993747457331,0.0004352933981802343,1.8477818646628796,2.6236062082217,-2.62518076052378,1.8477819159352575,8.623222517600052e-05,-1.4999826055500667,341.4298008857371,ITSC_A20
-1.3818027341208072e-05,2.4357983586018817,3.44673122349303,-3.44513815016145,2.435798358641076,0.00016577632815449004,-1.500014528299126,593.311364395856,0.0004383710365497284,2.5871099543702054,3.65758597181667,-3.66933350963361,2.587109991509942,0.0003949331954161564,-1.4999943755078928,669.3138108170573,0.00039187276109647673,1.8525327671370069,2.63026031591764,-2.6298800144006,1.8525328085841168,-0.00048378048330048146,-1.4994911490397425,343.1877806880556,ITSC_A20
-0.0004957591183356102,2.4300834802885185,3.45879983115747,-3.44479737704986,2.4300835308582007,-0.0012999541268498946,-1.4996853550276916,590.530596694826,0.0009528925341479377,2.6137088079837913,3.70234427419201,-3.69813713039303,2.613708981684119,-0.0012171055407122506,-1.4993611313393156,683.1474640936232,-9.172238157942659e-05,1.878814719455561,2.66599842049631,-2.65986354319288,1.8788147216944713,0.000434231898236116,-1.5002184601135125,352.9944758455874,ITSC_A20
0.000432632967005957,2.418885752431894,3.42161601020198,-3.42464773095877,2.4188857911214607,-0.0002659333482716062,-1.499802057156871,585.1008470489294,0.0009251258948323305,2.6061241422173063,3.6894921469837,-3.70011584496421,2.606124306418597,0.0002606994522717789,-1.4998349320678477,679.1883900505812,-0.0014153451877790646,1.8895138021951736,2.67579606886663,-2.67600459110078,1.8895143322790815,0.0006865543941276819,-1.5001020848847078,357.0264411888063,ITSC_A20
0.0007345493056419761,2.425180865627604,3.43247384417263,-3.43144002851486,2.4251809768693424,-0.0007126164588259035,-1.4995196918034321,588.1502770568939,0.0006075435581998123,2.597754083816975,3.67907353315925,-3.67342100497293,2.5977541548608762,-0.0012279148138522934,-1.4995879737884328,674.8326649096946,-0.0009587328201207468,1.8539399928323534,2.63067254010014,-2.64492942986162,1.853940240728338,0.0001760891627124419,-1.4999021073279786,343.70944161918476,ITSC_A20
3.392215320639158e-05,2.412488790643301,3.42487490364728,-3.41436264340363,2.4124887908817914,-0.001325332449911074,-1.4993902967159545,582.0102166130288,0.0004898269470891025,2.608713330941373,3.68500766507509,-3.68532736640994,2.608713376927728,-0.0007839938424843509,-1.499776672279856,680.538548296167,-0.0010861154275473872,1.8750311360555778,2.6550537908804,-2.65712594398755,1.8750314506227868,0.0009063340236144051,-1.500331425838651,351.57429408245923,ITSC_A20
0.0006233243004644961,2.4065821750647785,3.40190280073017,-3.40298365879109,2.4065822557878014,-0.0003219787112370479,-1.499627601157617,579.1638153872702,0.00059959522939521,2.6148749768964445,3.69549744643614,-3.69734902767512,2.6148750456405407,-0.00051601868390275,-1.499781403420841,683.757150431362,-0.001344147472492021,1.8787363879302983,2.6563430334424,-2.65464736579546,1.8787368687673673,0.000672284716778339,-1.5002022316217996,352.96522220658125,ITSC_A20
0.0004829214558157213,2.4087428790686407,3.40541758823237,-3.40190394325681,2.40874292747836,-0.0005667847340501041,-1.4995049507114657,580.2042490677019,0.0010592094525236839,2.597968976565149,3.6766547383538,-3.67343800647708,2.5979691924885544,-0.0005050076125290577,-1.4997893012838508,674.9443925119632,-0.0007491423060057656,1.8636210667767807,2.64652243239743,-2.63954151259645,1.8636212173476727,0.00022481400178786873,-1.4999827861287058,347.30840417484217,ITSC_A20
0.0001714876998572934,2.404444973801581,3.40293884824284,-3.4068243624437,2.404444979916928,-0.001072563133517362,-1.4992955615496253,578.1355661447716,0.0003618616354972404,2.6129196281761713,3.70420943206411,-3.70075184152153,2.6129196532331687,-0.0009411327073823013,-1.4997905998704024,682.7349114252142,-0.0016384379475085397,1.884891234908228,2.6747934289172,-2.68391034438364,1.8848919470125531,0.0011567058184529604,-1.5002434906095221,355.2817651912773,ITSC_A20
0.000668874666876782,2.4050000130438485,3.41902692479244,-3.40770572544753,2.4050001060570105,0.0006116754145875932,-1.5000726284056427,578.4025510134232,0.001423584449499451,2.592602330609029,3.67488935444453,-3.66219784503311,2.5926027214504064,-0.0003317329996753493,-1.4997621102191179,672.1588871272053,-0.0012585965508709318,1.8815459089649558,2.67959742001435,-2.66679646259056,1.8815463299127235,0.0005184166091807689,-1.4999891666424174,354.02165916080395,ITSC_A20
0.0004915447238148251,2.423435459726204,3.42926489465269,-3.42897793207498,2.4234355095761417,-0.000454234693000373,-1.4994720328045457,587.3039669074574,0.0011802240728929726,2.5825474786452163,3.65895880618915,-3.65217902204602,2.5825477483263746,-0.0007654147472688848,-1.4998281343542237,666.9552872385628,-0.0006544737829478864,1.8628219296580304,2.64215344299443,-2.63726240407271,1.8628220446276669,0.00026587344418068477,-1.5000472118548187,347.0105969950801,ITSC_A20
0.00031622070424880855,2.4174882542459253,3.42009648606818,-3.42129534996396,2.417488274927625,-0.0005671767918559991,-1.4994360307527606,584.4249559412546,0.00027221434053223084,2.5941527208177497,3.67598372596687,-3.67338011544217,2.5941527350999944,-0.0011534498918358358,-1.4999140701637816,672.9628413026782,-0.001926959651760125,1.878264477769287,2.66783396364294,-2.67042608411421,1.878265466227666,0.0011151824961209823,-1.5001897232941124,352.78811616234316,ITSC_A20
-0.0011910059464147781,2.425514078050807,3.4592643731521,-3.44578060304221,2.425514370462031,-0.0016936530183956366,-1.499306280762058,588.3119961317823,0.00046887004409288947,2.6177086572179222,3.70317912077228,-3.70790415747095,2.6177086992086753,0.0002867800920598651,-1.4999345357133909,685.2398833912774,0.0017626700659562644,1.8173338843450102,2.57303681884849,-2.56872894909536,1.817334739170053,-0.0010514567957094125,-1.499622752887252,330.2705554194285,ITSC_A20
0.0003836337394642708,2.4080018007588126,3.40912347882587,-3.40532682337549,2.40800183131835,8.083760476499889e-05,-1.4998776638771303,579.8472819632528,0.0003152641153517388,2.610800786417777,3.69029407300294,-3.68821658855146,2.6108008054524467,-0.0005616025054076207,-1.4998023784206647,681.6280845751144,-0.0011184441774236653,1.833166462994613,2.59601540742368,-2.5994087377541,1.8331668041849214,0.000866896452000523,-1.500292153327747,336.0500531965558,ITSC_A20
0.0008757721825563336,2.423755544221131,3.43737460984402,-3.42992574140779,2.423755702441891,0.00015261780916625605,-1.4998128617977708,587.4591705119585,0.000690564507898811,2.6040676962023506,3.67896551873326,-3.68223693849502,2.6040677877666623,-0.0004725870177576032,-1.4998542801345494,678.1169043283959,-0.0006148962426248916,1.8206301204151538,2.59079091919174,-2.58818566177162,1.8206302242521095,6.987052458265277e-05,-1.4998676064786376,331.46944134602865,ITSC_A20
0.0002650588966697809,2.437761312730102,3.44602479737401,-3.44423353452509,2.4377613271400884,-0.00013016996443312442,-1.499882129741813,594.2680288099806,2.7402510354858078e-05,2.6183778725556275,3.70553512013825,-3.70566878698264,2.6183778726990172,-0.0003355492795087274,-1.499887630118825,685.5902684239832,-0.0010925158696732007,1.8537043840903034,2.63555548613322,-2.64184704391545,1.8537047060377596,0.0010474547576388993,-1.5001007672554414,343.6221137186537,ITSC_A20
0.00044383245056722753,2.4498696075746107,3.468069035374,-3.46929656721235,2.4498696477782285,0.00043733039691912706,-1.500007228397803,600.1861291105022,0.0011930335136158066,2.6006277566808973,3.6804173502326,-3.67597286220567,2.6006280303319196,-0.0003376973427144025,-1.4997813436995961,676.3266152148079,-0.0003903013744457073,1.8357854933279585,2.62896968074043,-2.61949223738968,1.8357855348184162,-0.00016414324913780425,-1.4994249783766787,337.01085298485384,ITSC_A20
-0.00047871851307984103,2.436465522634614,3.45437219602145,-3.45687315843113,2.436465569664094,-0.0011310028106401096,-1.499372449919588,593.6364472158579,0.0006367248083586174,2.5905583593497865,3.66674576409934,-3.66470227891117,2.590558437599032,-0.000434611337503926,-1.4998673242159737,671.0993018615537,-0.0003777936559445516,1.833448100507834,2.59783315515325,-2.60649865660498,1.8334481394312279,0.0003661065388707508,-1.5000718767592602,336.15320799838315,ITSC_A20
0.000351668177216764,2.428063358662415,3.43498413305311,-3.43525560582357,2.428063384129318,-0.0002243645254280595,-1.4997354522905042,589.5491797349516,0.00019042784176409144,2.598026578637828,3.67491609409296,-3.67897606116114,2.598026585616733,-0.00012183683504870834,-1.4999321782188642,674.974213957134,-0.0011129722410258668,1.8416645606204731,2.6091435341922,-2.60724712864803,1.8416648969214267,0.0005793416912458935,-1.5001559878861768,339.17295925526093,ITSC_A20
4.954685330057496e-05,2.425311814999,3.42872738621395,-3.431966773294,2.4253118155050974,-0.00036447842159542383,-1.4996807318709005,588.2137402428633,0.00037147518898248853,2.5879061420267124,3.6598504290902,-3.66967018658104,2.587906168687999,-0.0006153998335719252,-1.4999228768566966,669.7258337933398,-0.0003635018113847632,1.8271713233257783,2.59194570992836,-2.58444193586065,1.8271713594837355,8.877241418482664e-05,-1.500002505206445,333.85551769176425,ITSC_A20
8.27895501935516e-05,2.419060897382431,3.42149414171341,-3.42683294484325,2.419060898799119,-0.00048670257657187416,-1.4996305222005208,585.1855632098802,0.00043836568522380047,2.6000429837757846,3.67880505290207,-3.68142493576752,2.6000430207298804,-0.0004019264362362301,-1.4999086190746251,676.0223709646161,-0.0015928811385933317,1.8534256518964087,2.63050160338813,-2.63911496529626,1.8534263363775612,0.0010484960235953142,-1.5001177342723577,343.51891843779487,ITSC_A20
0.000866785844765674,2.4334425950954834,3.45591075935331,-3.45185390295655,2.4334427494688966,0.000521748673128277,-1.4999997039941095,592.1643614942743,0.0008766914507791613,2.5916892325990677,3.66885993192526,-3.66840877100623,2.591689380878396,-0.00020496973014575012,-1.499860941220039,671.6853846957844,-0.000530903006203478,1.8419299164285465,2.63348009852744,-2.62032364912624,1.8419299929401427,0.00016280680234008558,-1.499646338631552,339.2706098892474,ITSC_A20
-0.0014116770194674722,2.754765438917357,3.92962069988474,-3.93113817310659,2.7547658006236295,-0.0017026288990607294,-1.4995955417966518,758.8734616285545,0.0036426141932419565,2.8666579801908236,4.11397078257207,-4.09445895259993,2.8666602944942556,0.0005735957461289259,-1.4991374527666916,821.7741244029893,0.00015341236951415648,1.9924487203787247,2.8721958642474,-2.88812875685747,1.992448726284863,-0.0010278365757799338,-1.49864152327504,396.9851926874173,ITSC_A30
0.0006851822078052904,2.740217761792893,3.88146229297269,-3.87635514018082,2.740217847456642,-0.0009638970503929797,-1.499487609799672,750.8793851519912,4.420624228244519e-05,2.8447153341511857,4.03521528669837,-4.02130507136745,2.8447153344946634,-0.000825738340928278,-1.4996229109024288,809.2405334309084,-0.0030852525654787534,1.9708657260639717,2.79082887948352,-2.79213429049451,1.9708681409361355,0.0014738358318688448,-1.5003812710507867,388.43212289570585,ITSC_A30
0.0009820302062268317,2.745088365417146,3.88349348129383,-3.88285928585682,2.7450885410732937,-0.000850534786893125,-1.4993799602446454,753.5511098331904,0.0008001826547053902,2.8676980609898997,4.06153178648063,-4.06154012766759,2.867698172628617,-0.000796525084515183,-1.4995287273122635,822.3692809297511,-0.0010031096636870184,1.9692307524705983,2.7954188088589,-2.81137461578112,1.9692310079584154,0.0006245175635877596,-1.4999860795424396,387.7870762704917,ITSC_A30
0.00030030432091012084,2.7382606897447697,3.87360575668699,-3.86802139280626,2.7382607062119173,-0.0007872754703833505,-1.499542842761985,749.8071695184188,0.0012864038087079465,2.845197773075687,4.0243966331032,-4.03718844770552,2.8451980638875756,-0.00036157544372592145,-1.4996337564327735,809.5152022749609,-0.00020505218014911454,1.9895319693979154,2.82828375174664,-2.82603374541706,1.989531979964822,4.4980149084028034e-05,-1.499810812183194,395.82374993027446,ITSC_A30
0.00040158892074525275,2.7332958661404545,3.86361378348666,-3.86016267098618,2.7332958956421383,-0.00038872389136636657,-1.4996613498776823,747.090645313416,0.0003898015558582879,2.8501734150803757,4.03472768311578,-4.03412077896705,2.8501734417358158,-0.0009734806066541222,-1.4996560562461874,812.3488647976187,-0.0022257291228859,1.9878222289307321,2.8156657922901,-2.82425018627894,1.9878234749849575,0.001183487845402029,-1.5003253994909875,395.1442167701272,ITSC_A30
0.0006205574460527208,2.738064281402775,3.87297485045984,-3.87145654964376,2.7380643517246335,-0.0003830113378653071,-1.499611181453716,749.6996394185238,0.0011359120804637424,2.850252060802284,4.02930008465078,-4.03223287660448,2.85025228715002,-0.000634831472759781,-1.4996837808381873,812.3938100403918,-0.002097699452436275,1.9858491722009315,2.82342699295836,-2.81527138345342,1.9858502801253972,0.0010343168302567182,-1.5001754732357286,394.3601335074119,ITSC_A30
-5.15695171785735e-05,2.7364386875866664,3.87096441820946,-3.87348234936317,2.736438688072593,-0.0005363533007625796,-1.4995856761786615,748.8096693580452,0.0012502277501591607,2.8383141699637564,4.00949196621634,-4.01341445427335,2.8383144453154716,-0.000924747313015553,-1.4996544673997736,805.6028890486473,-0.0018646269817926165,1.966367635352918,2.77954289253191,-2.77764691200207,1.9663685194279343,0.0009161162583478507,-1.5003086890904453,386.6605154197207,ITSC_A30
0.0010203813350153058,2.731175849231775,3.86805323309354,-3.86718784361255,2.731176039841624,-0.0008362268112908574,-1.4989446872233319,745.9322560604975,0.0004533020229489715,2.8482940494224085,4.03186808221998,-4.02875912070091,2.8482940854936003,-0.0008584148245044805,-1.4998225226834032,811.2779197457826,-0.0002903517613000206,1.9553032450510668,2.76674764530749,-2.77441110542622,1.9553032666088852,0.00010240800950051234,-1.5000028326999069,382.3210864411377,ITSC_A30
6.710149683411659e-05,2.727239411666463,3.85823699192389,-3.86454580109857,2.7272394124919517,-0.0009091388282506913,-1.4991491388165061,743.7834813049446,0.001965116188548166,2.8359718854008937,4.01829522961372,-4.01101126228836,2.8359725662400077,-0.0012659982508967196,-1.4996359025750148,804.2740396465933,-0.0019941331601803516,1.9740107427039313,2.80660249869184,-2.8021882942574,1.974011749934024,0.0009554999053200461,-1.5001047630618498,389.67223888775874,ITSC_A30
0.0004044730902544247,2.7168847163037606,3.84428059884662,-3.83894455881685,2.716884746411494,-0.00026655780712205447,-1.4995068042180537,738.1462725283446,1.402474761716066e-05,2.8512508341572684,4.04023084414478,-4.03703182352852,2.8512508341917613,-0.000593505948164892,-1.4999410759874812,812.9631319479215,-0.000382317283797069,1.9800578514433536,2.80287692992684,-2.80278451335867,1.9800578883530082,0.00013914266443946233,-1.5000445274012273,392.0629241228974,ITSC_A30
-0.002090436142226957,2.6871335579796782,3.80732624437334,-3.7999307549332,2.687134371099404,0.0014673300445943417,-1.500935171709104,722.069112834379,0.0008759366529435497,2.900541309282521,4.11880207654095,-4.12632300886642,2.9005414415449025,0.0012567650382822211,-1.5002753145997592,841.314065411938,0.002192744395807229,1.8805769639944594,2.6645556787308,-2.66393430852096,1.8805782423591433,-0.001063040754290506,-1.4996002808628093,353.6574525634605,ITSC_A30
-0.0013352599564462996,2.681902035470223,3.80631438648705,-3.80317637413144,2.681902367868464,-6.721684915176998e-05,-1.5001715598183085,719.2600310778475,-0.0006747151284977871,2.8773368742545897,4.06619588898731,-4.06768560496811,2.877336953362549,0.0011803418361543917,-1.5008566812561326,827.9067943185676,0.0022322463145762537,1.876993350601649,2.65929140609718,-2.6631932156949,1.8769946779696562,-0.0010779250982502371,-1.4996195745212637,352.3109021126413,ITSC_A30
-0.0006310131444697831,2.6642385749757627,3.76766096978652,-3.77482076078382,2.6642386497021007,0.0011796275778776233,-1.500421722435455,709.8167582566472,-0.0003278446252652312,2.87541987342509,4.06645304112924,-4.06568960214667,2.8754198921148997,0.0005056134807185132,-1.5004148415208083,826.803955597006,0.0022048857912212406,1.8838629317957387,2.67447583433528,-2.67185081893353,1.883864222101845,-0.0014276669102754693,-1.4992162103215567,354.89444073153896,ITSC_A30
-0.0018022850537880953,2.663602326961993,3.77540300932786,-3.76831104938018,2.6636029367059875,0.0008013378104187497,-1.5004477183703537,709.4780604428761,-0.0007389160157775507,2.8679102670231207,4.05647214982148,-4.05378375578282,2.8679103622138373,0.0009419572889356196,-1.5009634731740533,822.4909845693505,0.0005136910524916382,1.8681402338905975,2.65031434580829,-2.64011032101104,1.8681403045165839,-0.00014309895815903468,-1.4999662028956666,348.99481973593146,ITSC_A30
-0.0006199792410731186,2.6610749614014764,3.77097759978223,-3.761235369381,2.66107503362309,0.001606294766000851,-1.5002759323251333,708.132033457213,-0.0003416316344591866,2.865681568165912,4.0533104286989,-4.05348216511033,2.865681588529684,0.000700319622168925,-1.5007598537070352,821.2130966838014,0.0030454370333252577,1.8666398789568883,2.65962493869976,-2.66204980157165,1.8666423632819733,-0.002264625765942463,-1.4986093312238213,348.435371239891,ITSC_A30
-0.0016222395135155887,2.66390687969501,3.77076413738145,-3.77520536454828,2.663907373642605,0.0010284368752252367,-1.5002982825861468,709.6402495347442,-0.0011979944420999953,2.8662171196436286,4.04749834140501,-4.05842557137724,2.866217370006836,0.0003168559384855207,-1.5008491198427443,821.5202012128904,-0.0001848273515600507,1.8550002037642057,2.63113251432622,-2.61925074542739,1.8550002129720617,0.00045101805163239484,-1.5002389813992143,344.1025790126394,ITSC_A30
-0.0003855832061554354,2.6745356752154743,3.79269252179808,-3.7873753054668,2.674535703009908,0.0013070678024257208,-1.5000345093210248,715.3141226674704,-0.00024873772435163294,2.877631443442237,4.06412050545083,-4.06462448930425,2.877631454192477,0.0005292939021686039,-1.5007224874305556,828.076278615791,0.001721223526762321,1.8678207793734725,2.64526079514445,-2.64165600702973,1.8678215724393363,-0.001007061886432634,-1.4996083321703069,348.8757426469755,ITSC_A30
-0.0018317556112707755,2.6586608892330394,3.77022272222334,-3.78627723581258,2.658661520251503,0.000144105470863153,-1.5001388629956647,706.8481079266035,-0.0004893358050126295,2.872537229355758,4.06053265470564,-4.06598111671708,2.8725372710348567,0.00030234720817509626,-1.5007757667306856,825.1470373484383,0.0034119307237345663,1.888927548569422,2.67889765916865,-2.6853879659689,1.8889306300168225,-0.0014645649515043309,-1.4993996027035974,356.80589250157493,ITSC_A30
-0.0008736349224499573,2.6568738360481405,3.75983173696913,-3.75774303395473,2.6568739796827283,0.0014615584860478712,-1.5000236844456782,705.8979343915138,0.0009553266424855392,2.86116619401003,4.06306362978701,-4.04929428241871,2.8611663534990126,0.0009930493727127847,-1.5008814948112335,818.6272902394836,0.0008391982150964372,1.856056502381331,2.63676591495603,-2.66067615214224,1.8560566920990489,-0.002161274649951897,-1.4978560900672648,344.49464442856635,ITSC_A30
-0.0016327000281083847,2.652481270564662,3.75158228967896,-3.7538826483707,2.65248177305815,0.0013917659822230118,-1.5000614784306836,703.5659556405707,-0.0007495543474104199,2.8394653258341895,4.01539071795745,-4.02724780913653,2.8394654247668485,0.00017922328105292648,-1.5012272060904495,806.256389844638,0.001987557185346871,1.8425072447891866,2.63894879150034,-2.61932127847126,1.842508316801909,-0.00021274004314233527,-1.4999124004862174,339.4836897484204,ITSC_A30
0.016497565872814545,2.671680836908138,3.87545882418385,-3.88057641521957,2.671731772461805,-0.0014466497349991379,-1.489892600160417,713.8150663981897,-0.012897078686006664,2.8761665076156135,4.18799471864322,-4.18406616521236,2.876195423501058,-0.0048109443064132725,-1.490700638903611,827.2500114168428,-0.005292030087141133,1.9163096220309743,2.71039826277298,-2.70964558778165,1.9163169291823672,0.002758457696996899,-1.5009687508030436,367.2270573070938,ITSC_A30
-0.001112310918190542,2.726689917160762,3.86237619236787,-3.85155555499374,2.7266901440357576,-3.455974961645925e-05,-1.5001939993060196,743.4839141581741,6.217483860829765e-05,2.937885622169277,4.15836583346494,-4.15891483574769,2.9378856228271837,0.0006309150578376378,-1.5003086980576419,863.117193281467,-0.0004342639029907058,1.8985143722848656,2.69900040679681,-2.68661112278424,1.8985144219513674,6.210544849364777e-05,-1.4999454219974442,360.4357010357335,ITSC_A30
-0.0014724341614133652,2.7093201717481143,3.83828486267047,-3.83081695685623,2.7093205718599616,0.0005966738499870401,-1.5005950010952973,734.041796110359,-0.00016984098690299155,2.941121488206482,4.15429377323546,-4.15314736942732,2.941121493110387,0.000352955087488685,-1.500225349204515,865.0195637235872,0.0032646084763067627,1.9027440508649207,2.6914354813581,-2.6945825415172,1.902746851467728,-0.001661446066160731,-1.4994093830395603,362.04455807703516,ITSC_A30
0.00012047728310769834,2.7065954952326057,3.82904671233365,-3.83727358852205,2.7065954979139772,0.0006326019426562619,-1.5001595083586796,732.565918932821,-0.0009597434115057562,2.941993737045081,4.15573464095039,-4.16269492739236,2.9419938935898378,0.00034706721951609866,-1.5004204732984499,865.5328069919894,-0.0018196452708357659,1.8985247598446857,2.68588290920719,-2.68641172350141,1.8985256318660104,0.000862283309362366,-1.500233249795817,360.4399574852234,ITSC_A30
-0.0010053367421441629,2.7099077580798383,3.84285145471902,-3.8406122315919,2.7099079445625565,-6.361336714215678e-05,-1.5001488451522165,734.360106800326,0.0005955621438723275,2.941122002419613,4.16513134196281,-4.16028563587558,2.9411220627187546,-1.6428750110771636e-05,-1.499846088164849,865.0198987811021,0.002257138593594017,1.9191826656507798,2.73779426397828,-2.74685512402479,1.9191839929535326,-0.0006754563630942358,-1.4993049966803211,368.32671988090647,ITSC_A30
0.00015555430129718495,2.705615550109267,3.83093281287812,-3.84485514542308,2.7056155545809184,0.0012789272805686339,-1.5002809705488231,732.035552919021,-0.00019334013124308047,2.9359917378878424,4.15110515263098,-4.15248595320937,2.9359917442537333,0.0008864531117965217,-1.5005184407610284,862.0047522326079,-0.00016074447004592153,1.9276331798887287,2.75315428764753,-2.75169085916729,1.9276331865909333,-0.0003474271326927833,-1.4991107309545595,371.57697020467157,ITSC_A30
-0.00045094896508703465,2.7169114825887166,3.84985195838722,-3.84589274142907,2.716911520012639,-0.00021873975058367875,-1.5000073977909092,738.1608207577387,-0.00043103256858556093,2.917141793584839,4.1286020756396,-4.12675655311594,2.9171418254292076,0.0003702911586043126,-1.5004888783755492,850.9716429668449,0.0008828548375001466,1.8822046347855335,2.66664990129615,-2.67208356303101,1.8822048418386366,-0.000602235104653219,-1.499746555515986,354.26950666408067,ITSC_A30
-0.0009077506622562748,2.706710324546852,3.82877915681312,-3.82632182376641,2.706710476763222,0.0007028484174410213,-1.5003316176796966,732.6281605019789,-0.0002020955356867332,2.9369190625357673,4.15728243916367,-4.16093236040832,2.9369190694890746,-0.0006982442983521884,-1.4994986369138708,862.5493620728572,0.00032348365700197947,1.9238600286239125,2.72508468321344,-2.73096694534479,1.9238600558196732,0.0001530678292177218,-1.499988192976689,370.12375143784766,ITSC_A30
0.00042483700603251684,2.7117737934556017,3.83551186377047,-3.83942002935566,2.711773826733909,0.0002164387011647947,-1.4999622627074325,735.3717287359068,0.00013335518806918966,2.9305481199406413,4.15833953600754,-4.15065488385411,2.930548122974819,0.0011533704715847067,-1.5007073645644322,858.8112301071236,3.639660877453377e-05,1.9022417405369954,2.69553297228377,-2.70423984925478,1.9022417408851933,-0.00028384053389834637,-1.4997764452992906,361.85236407659306,ITSC_A30
-0.0009633234177106464,2.710964800154997,3.83963766340487,-3.83559500551275,2.7109649713102955,6.64185314996683e-05,-1.5001610641516894,734.933107567143,-9.35173219476243e-05,2.9148167826606164,4.12278482439147,-4.12522383374634,2.914816784160794,-0.000125423052946273,-1.5000033343575283,849.6156885225473,0.0019087309015827093,1.9084985349884653,2.7120511311393,-2.70237529070832,1.908499489469875,-0.000728227689362658,-1.4997277222605483,364.23703013067734,ITSC_A30
-0.0008228375144823796,2.71903967591912,3.85609396514118,-3.84110445124963,2.719039800422923,-2.036681706956977e-05,-1.5001347839661734,739.3177436283929,0.0016409674332124114,2.914640658864132,4.13791164655952,-4.14746547483473,2.914641120803393,0.0003805125593538279,-1.4997214766313332,849.5132863078059,-0.0003266313608285021,1.9250874899388934,2.7505140208114,-2.73346561638711,1.9250875176488147,-2.9822146930938858e-05,-1.4996270847807467,370.59619506072755,ITSC_A30
-0.00042667127000888704,2.713044645021249,3.84695008773832,-3.84347068589997,2.713044678571816,-0.000843806937652969,-1.4996137070553692,736.0611427926848,-0.0006284781576719412,2.9077045362561917,4.12312685381874,-4.11171546954979,2.907704604176571,-0.0002462979846647892,-1.5000143052133093,845.4746065149628,-0.0002522080514319658,1.9220104639485744,2.72339104414685,-2.72819286751734,1.9220104804960652,0.00021334870045506052,-1.5000351760639765,369.41242871367155,ITSC_A30
7.373268629573548e-05,2.6972096560770447,3.8109299988957,-3.81611007811323,2.6972096570848474,0.00022899190815852308,-1.5001234757341537,727.4939934271761,0.0010401291770630373,2.9188774775407684,4.13475414055979,-4.13287794044836,2.918877662863496,-0.00040215160204005546,-1.4996179194356303,851.9846810763463,-0.00021470902359706833,1.949838288471242,2.76673309757818,-2.77939379692448,1.9498383002927262,0.00026490982291516073,-1.4998968199119138,380.1869397288428,ITSC_A30
0.0004126476759640951,2.7034552190760084,3.8224972793666,-3.82627276951716,2.7034552505686893,9.709525910180078e-05,-1.4999122944107093,730.8670291827415,-1.3747474336300858e-05,2.906708691127558,4.11295451241721,-4.11107363865743,2.9067086911600675,-6.558692487864084e-06,-1.499984334001378,844.8955415265474,-0.0006394574419576804,1.9332626301644649,2.78025022659006,-2.76045870982888,1.9332627359198347,0.00012721007785926726,-1.498866558404304,373.75048060962445,ITSC_A30
0.00014804088770207003,2.71068794705911,3.83485887899561,-3.83607581003767,2.7106879511016455,-0.0008878443205768885,-1.499442611606255,734.7829168247638,-0.00048704489846082224,2.9131683732715983,4.13258091870293,-4.11983080238503,2.913168413985471,-0.00043801072592043256,-1.4999450157819292,848.6550208242624,-0.0003487087934784361,1.9053532802154527,2.71638799620012,-2.72082646135834,1.905353312124974,0.00017268114813301843,-1.499731879335755,363.03712440256083,ITSC_A30
-0.00027259575600067974,2.6924731702158335,3.80283771879366,-3.80513116665779,2.6924731840151255,-0.0003165844983682138,-1.499912849525738,724.9411846640547,0.0008481167908349263,2.931181967019066,4.15255941658754,-4.14808395009935,2.931182089717364,-0.0005889913938861328,-1.4996146746898795,859.1828443079851,0.00027818485052404806,1.945796763137734,2.75460722763419,-2.75750278264653,1.9457967830233696,-3.3022058670454044e-05,-1.4999723095272577,378.61251208240935,ITSC_A30
0.0002530267625618965,2.686779425168663,3.80585779993017,-3.7990273058075,2.6867794370830285,0.00025626728231075216,-1.5000779857323567,721.8783743532194,-3.0230768023904453e-05,2.9220993465554126,4.13561578504306,-4.13352434043938,2.9220993467117893,-2.864614765401908e-05,-1.5000159184312942,853.8664592053466,-0.0009284886879378895,1.9420769437203234,2.75675676572661,-2.7507851473334,1.9420771656711573,0.00043655895124472034,-1.500060005691216,377.16637174213156,ITSC_A30
0.00025798520377500855,2.6974711928484782,3.81463503813338,-3.81386732502709,2.697471205185286,-0.0006269381652826972,-1.4994837013469335,727.6350902803758,7.805735075478659e-05,2.92503584749824,4.14160267485515,-4.13580449463414,2.9250358485397574,-0.0004291430662783484,-1.4998240784944985,855.58347152427,-0.0012687588604607214,1.925983499535301,2.72775248207538,-2.725992004013,1.9259839174383806,0.0006513211153977781,-1.5001724367505307,370.9414050231291,ITSC_A30
0.00034039013770061023,2.690388891322057,3.8037609632667,-3.8058410418481,2.6903889128552723,-0.00046080196787178683,-1.4996057961172382,723.8192502414573,0.000374067906466562,2.9268230483064444,4.14199837654592,-4.14464014960395,2.9268230722106563,0.00010578059862519089,-1.4999884540485509,856.6293296024625,0.0007966571846523696,1.9286904232834343,2.75991872773518,-2.75629077565402,1.9286905878154494,-0.00046522519966686653,-1.4994025647816844,371.9847383527904,ITSC_A30
-0.0005937592574569583,2.6750554115764356,3.78134782374617,-3.7931476200154,2.6750554774722763,-0.0004597839214113272,-1.499856441823284,715.5921807554429,0.0003118740312892998,2.9280919639068808,4.14252353330125,-4.14408707207884,2.92809198051589,-0.0006259806995989478,-1.4997631668545326,857.3722646361468,-0.000666582393022468,1.9465115733872134,2.77751970200268,-2.7725805053915,1.9465116875226955,0.00038773713425317686,-1.4995823681931617,378.8907749662452,ITSC_A30
-0.0008223331077762675,2.741380423999624,3.88442644337981,-3.88125371220542,2.7413805473374357,-0.0005341367093515254,-1.4998696691229547,751.5167305320098,0.0009133023669189688,2.941499135458702,4.16057316963028,-4.1846520692554,2.94149927724375,0.0005990027070372897,-1.4999096017792408,865.2417998025504,0.0004955048494545577,1.9071278010268926,2.70191706367104,-2.6974971230074,1.9071278653972643,-0.0003671414350433784,-1.4998714321568487,363.7136694974726,ITSC_A30
0.00015162467288811542,2.725684805518812,3.85121345387457,-3.85308925605107,2.7256848097361086,-0.0004854955357890942,-1.4997277698916482,742.9357682026166,0.0005856677503250051,2.939945945131976,4.16007668439037,-4.16046666112014,2.9399460034675227,-0.0007528310375577377,-1.4996821907516884,864.328250330466,0.0008152224487683801,1.9424454291426538,2.76794082163979,-2.77395344054253,1.942445600212482,-0.0002656511202816115,-1.4995186243969154,377.30949097848287,ITSC_A30
-0.00037439763989930206,2.719423048199276,3.84283845796019,-3.84941499980452,2.719423073971947,-0.0002569930282454208,-1.4998858536862283,739.5261855251034,0.00011933826807004721,2.9440208515602477,4.16940366985691,-4.16482501227277,2.944020853978984,-0.0005129666312217993,-1.4997982491568003,866.7258788663147,-0.0021119292780277864,1.9592826040428624,2.78542880004194,-2.78270305646872,1.9592837422768186,0.0011130945527012247,-1.5001457022084133,383.87927827502546,ITSC_A30
0.00043395581187353425,2.720160930614645,3.84717120307887,-3.84932972415806,2.720160965229811,-0.00020788353468797737,-1.4997095062910775,739.9275676759977,0.0006349573968580791,2.9401725709602804,4.15988323555821,-4.16789025854402,2.9401726395227343,4.059762543398981e-06,-1.499874143541825,864.4615150198082,-0.00012137965420753183,1.9239882948367626,2.72672550611229,-2.72208971591217,1.9239882986655334,2.607060342915934e-05,-1.4999749789751806,370.1730973401894,ITSC_A30
0.00033434468608408265,2.711985248521953,3.8341700575962,-3.83772749027629,2.7119852691316466,-0.0007928218424426375,-1.4993286058903321,735.486409998705,5.506342040953349e-05,2.949284396006824,4.17550031475584,-4.17738800857425,2.9492843965208437,-0.0007300238827897959,-1.4997970840763193,869.8278451561316,-0.0009163244393387026,1.9090504491134586,2.705009567152,-2.69696021244259,1.9090506690265654,0.00030772632136679356,-1.5000675567048587,364.44744569107763,ITSC_A30
-0.00018710358352120872,2.7017738267335054,3.82271955615426,-3.830715326045,2.701773833212166,-0.0006955810499175815,-1.499488783476842,729.9581845829961,0.0014228378952377096,2.937590411085682,4.15194553721297,-4.16438264058519,2.9375907556652994,-0.00034287486035498475,-1.4996718175920356,862.9439447770224,-0.000613877649229817,1.9480309695571663,2.76153705590316,-2.76654378218405,1.9480310662819529,0.0004959137357110395,-1.4999839806244597,379.48250351996023,ITSC_A30
0.0002719816639222805,2.7005981072794865,3.82423296406989,-3.82356546520924,2.7005981209753465,0.00022518779523969962,-1.5000737103946444,729.3230211015572,0.0016845050754473489,2.9187498054870216,4.13003747623448,-4.13539300565297,2.9187502915782084,-0.0005101265012633498,-1.499625204362699,851.9103264587876,-0.0013131786818763346,1.9219574690581966,2.73017341354912,-2.72748902556802,1.9219579176732355,0.0005540495910512408,-1.5001036886450643,369.39222373068395,ITSC_A30
0.0008442265578071262,2.7076702626104865,3.83742463494936,-3.83352487774428,2.7076703942215015,-0.0003688053337039489,-1.499301557835855,733.1478963743621,-7.077362108320661e-05,2.9115844971956055,4.11587387879753,-4.11654917702028,2.911584498055774,-0.00019820682098188513,-1.4999735866354988,847.7324289318693,-0.0009230653048043936,1.916848641659449,2.7212746734536,-2.7242356330494,1.9168488639121322,0.0006622754484588941,-1.5000843587462944,367.4309567081232,ITSC_A30
0.00014986498031057893,2.711815801557445,3.83492458211287,-3.83753706881968,2.7118158056984916,-0.0005763358221002889,-1.4993890261668392,735.3944964036159,0.0006352844024670467,2.9075611820011575,4.11301461533542,-4.10749414307231,2.9075612514040423,-0.00016956761694039184,-1.4998809651391873,845.391243066624,-0.00028007041877233354,1.8942558811298376,2.68642272142605,-2.68175314971324,1.8942559018343896,7.074415495985202e-05,-1.4999918851378813,358.8205421634417,ITSC_A30
-0.0005607297086820728,2.6964993452252495,3.80884003452733,-3.81743354641575,2.6964994035263588,-0.00020108472822754435,-1.5000454340529978,727.1109033218008,0.0005949456169736456,2.914060444394579,4.12652777814019,-4.12878016547972,2.914060505127754,-0.0012016387927133877,-1.4997850846012544,849.174862754542,-0.0005114371126523487,1.9065689728316195,2.72200397937637,-2.70738441594009,1.906569041428119,3.0826621744585527e-06,-1.4997775769242383,363.50055097321365,ITSC_A30
-0.0018066912001869096,2.9805773911701188,4.22430334318186,-4.21329540348512,2.9805779387373117,0.0007968857691975347,-1.500602619209393,888.3844848887561,0.00160478238455658,3.1098394093396475,4.41422635753653,-4.4297251876163,3.109839823400631,0.0007743885619648157,-1.499866188897494,967.1103727208466,0.0006297927163626493,2.05435972129798,2.94748814027411,-2.93538282862151,2.0543598178338622,-0.0007312145400424318,-1.4991660766301897,422.03942611303796,ITSC_A40
0.0007327276388838344,2.9689468140461153,4.21321980014911,-4.20613651381705,2.9689469044636643,-0.0017460458818345124,-1.4991032589460795,881.4645721524373,-0.0005743042246036667,3.1085209028281544,4.39622106340023,-4.39977246072279,3.108520955879967,0.00030645522093791593,-1.5002418657880365,966.2902533144905,-0.0006225083086824767,2.0880161341366144,2.96445016376806,-2.96642619095317,2.0880162269320146,0.0005609217907226189,-1.5000978156781377,435.98117639314063,ITSC_A40
0.00030314297463404746,2.963313979069002,4.19111220819473,-4.19579357062994,2.963313994574559,0.00020323876270834267,-1.5000459302175917,878.1229830441429,0.0007082326610956824,3.093930611215854,4.37443143727884,-4.38560087412429,3.0939306922767376,-0.0001410225215227154,-1.4997817821886796,957.2407128612012,0.002880347819747953,2.072626563885178,2.95011133064306,-2.94014715467283,2.0726285653068763,-0.0014930466602672485,-1.4993414118975554,429.57891697260413,ITSC_A40
3.170908750159906e-05,2.956268577107778,4.19350830820315,-4.1837702773292,2.9562685772778345,-0.0011455932311136955,-1.4994271795971552,873.9523901000313,-0.00045866920088787343,3.10395656759528,4.39166419237701,-4.39434933525027,3.1039566014838718,0.0002596595876822939,-1.5001888187294496,963.4546583895306,-0.0005962961309326519,2.0613749473658216,2.93296773766796,-2.94537496680673,2.061375033611429,0.0005060323647454436,-1.4997836278638386,424.92670291965203,ITSC_A40
-0.00018417439370565613,2.951782257885329,4.173986520242,-4.17967901231385,2.951782263631045,0.0007798617874659827,-1.5003757133145337,871.3018531886818,0.00011415381245709511,3.0871944161363327,4.36543920370861,-4.37389228772336,3.08719441824684,0.0001723268060011129,-1.5000004736281123,953.0769376054445,0.0005757983970462588,2.0497986692366923,2.92931530976269,-2.9118058638635,2.049798750108973,-0.000467940330228327,-1.4994523448428256,420.16749159483084,ITSC_A40
0.0002453783793593911,2.9471198852540534,4.17821081428422,-4.16967888625732,2.947119895469204,-0.001325561344473576,-1.4992100508875874,868.5515678270413,-0.0007582472282485575,3.1028777530884977,4.38920140413546,-4.39055936921948,3.1028778457345663,0.0005433426183512275,-1.50041420773249,962.7850925550382,-0.000802093891650455,2.0532157842332905,2.91477627729294,-2.92954085211692,2.053215940903279,0.0005516864149763716,-1.4999264355711532,421.56956999793374,ITSC_A40
0.0005767017830108689,2.932161877297818,4.14323302521053,-4.14383549716639,2.932161934011083,-0.0008681783139077122,-1.4992968097243593,859.7573607263614,-0.00012086065489630315,3.0882540765393336,4.37216638949028,-4.36802857497103,3.0882540789043107,-0.00011207553720070471,-1.4999249476202463,953.7313255869112,0.0014096888261857332,2.059819269532594,2.94938385326168,-2.9333517927999,2.059819751910438,-0.0008675362884708684,-1.4990771711581854,424.28574103603773,ITSC_A40
-0.0005543007649482745,2.9172619601629677,4.12775450997133,-4.13704635651054,2.9172620128235343,-0.0007370547074262823,-1.499690261829967,851.0417651463218,-0.0007881811598220623,3.114333786073601,4.40421815167952,-4.40572957450973,3.1143338858107477,0.0004943590152713156,-1.500417302192696,969.9075552309072,0.00028329624944338326,2.0717192875754056,2.93702842733751,-2.94868162870159,2.0717193069450093,-7.711351460443843e-05,-1.4998491743840325,429.202088676871,ITSC_A40
9.808356599305456e-05,2.9025078823674337,4.10732400995926,-4.1056524828258,2.9025078840246876,-9.849946614132498e-05,-1.4997945028225244,842.455201682547,0.00012479670879445793,3.0931519134184784,4.37775258108647,-4.37671079341174,3.0931519159360104,6.631028387176692e-05,-1.499954029845403,956.7588775058612,0.0014357747097602314,2.0808390181695184,2.95274694400305,-2.95399930364217,2.080839513510281,-0.0006431269483141421,-1.4995833222803552,432.9893080985703,ITSC_A40
-0.0008345252153206651,2.889381101984291,4.09104223682066,-4.10273989438048,2.8893812225001203,-0.0008483060606276451,-1.4996385567037527,834.8523848936289,-0.0006424572641472115,3.1120259161043062,4.40033788156105,-4.39613148597124,3.1120259824198424,0.0005601000382661417,-1.5004697128919113,968.4705715256184,-0.0006858611472699838,2.0542745091526635,2.93476437585084,-2.93334531237152,2.054274623646977,0.00028939070140344096,-1.4997203120183429,422.004422935993,ITSC_A40
0.02672234814038907,2.64893477444816,4.06429427287928,-4.0492137653126,2.6490695580091623,0.004319692881492652,-1.455705097106866,701.7569523170858,-0.023544430752609556,2.920653072009631,4.46677172187459,-4.47146857131127,2.920747970513505,-0.012800617557952086,-1.4613740041766736,853.0768707258758,-0.01684503648966657,1.9443459194730996,2.78869702864008,-2.76918712042572,1.9444188874381034,0.008306316678922246,-1.5019247958074171,378.0764809826032,ITSC_A40
-0.0019721486160524672,2.8440097778817597,4.05137475802329,-4.04695593244912,2.8440104616645168,-0.0009024744504357015,-1.500347106401167,808.8395506057217,0.0011859244542850433,3.170154111048504,4.51805467488047,-4.50067250626917,3.1701543328700166,0.0011322890399723755,-1.499519361082457,1004.987849421454,0.0012648741775080686,1.99616732713001,2.82898280054696,-2.82734317494188,1.9961677278746026,-0.0007427854001572017,-1.4995677911261578,398.4685597808054,ITSC_A40
0.0002030767850682258,2.823245219363925,3.98680164709309,-3.98738422542229,2.823245226667609,-0.00026216822170370776,-1.5012494887510006,797.0713609901438,0.0005252189119841333,3.125431661368741,4.44146123790338,-4.42060913463479,3.12543170549943,0.00015368748067561523,-1.4998962712094608,976.8323345741074,-7.21474449443793e-05,1.9753892953993655,2.8026854798933,-2.79249266514387,1.9753892967168916,-0.0001658383668444489,-1.499862195861441,390.21628735836555,ITSC_A40
-0.00017851683572671085,2.817594648360054,3.98573239863837,-3.98218855590087,2.817594654015278,-8.672196515264894e-05,-1.5020598471974724,793.8839634335475,-0.00014101463816222016,3.1321114949114306,4.43434661721083,-4.43517990413852,3.1321114980858273,0.0004282084100253198,-1.4999265035391394,981.0122436441445,0.0023583495687658517,1.9732880469884932,2.80507642516896,-2.80692107295788,1.9732894562634113,-0.0005969369828836367,-1.4997765496990545,389.38712782003495,ITSC_A40
0.0008924583384533969,2.8311853889021243,4.00375157195107,-4.01123415077792,2.831185529564383,0.0005424904029843287,-1.5016433760422112,801.5611502814758,-0.00017575531658396094,3.113519883225096,4.41202376168391,-4.40327434250602,3.1135198881857087,0.00047894884553143733,-1.499921763962796,969.4006094127948,0.00042994114299071295,1.977950701269494,2.80776255226605,-2.81803581671902,1.9779507479969942,-0.0011474674275830103,-1.4989225195474356,391.22891615018693,ITSC_A40
0.0005541061602987485,2.857861081993662,4.04995167421229,-4.03687758451612,2.8578611357110444,0.000869235065930109,-1.5018780316769649,816.7370271007621,0.00011947927572451444,3.1038157270279365,4.40067765869912,-4.39576431531202,3.103815729327573,0.0005456263969014922,-1.4998778812630784,963.3672081621255,-0.0003446617769768867,1.9560380791441554,2.80885221531845,-2.79041847694092,1.956038109509551,0.0015226002909735042,-1.5005364598753341,382.6085085853698,ITSC_A40
0.000459696245160095,2.881269304846497,4.07889286962044,-4.07611402703889,2.881269341517945,0.0002861401364973244,-1.5003138548535313,830.1713018371254,-0.0010697388947007137,3.09619905141956,4.37990532233804,-4.37982218379483,3.096199236217316,0.001120728531076658,-1.4999284546942588,958.644971035269,-0.0005301941095682317,1.9761711235090123,2.81338372460119,-2.82041878492613,1.97617119463286,-0.0009889516253327,-1.4985547476932952,390.5252590496665,ITSC_A40
0.0002899407323997627,2.8957406012657554,4.10240014646299,-4.09442742660973,2.8957406157811483,0.0006514841544858901,-1.5009065168573232,838.5313713884584,9.4923921156167e-05,3.0825990882489487,4.36541740371621,-4.35883626455987,3.082599089710467,-0.0001002569229718133,-1.4999945183748953,950.2417147883801,0.0020956185261563043,1.9676619290423756,2.80903188031757,-2.794695085834,1.9676630449901145,-0.0009864571836137334,-1.4995818950326911,387.1697858619769,ITSC_A40
0.0005117305790006865,2.9091975903498,4.11687731120219,-4.11501911930868,2.909197635356744,-6.310321164863533e-05,-1.499596972172704,846.3430881565271,-0.0006906742523875953,3.095433683225556,4.37925605276585,-4.3786025316175,3.0954337602795277,0.0006478486010102836,-1.4999833948276105,958.1710164278256,-0.00019283595429279377,2.010890467737735,2.86362973562726,-2.8566528650835,2.0108904769838145,-0.0004127792892123296,-1.4992349890301155,404.3680510424193,ITSC_A40
0.0007522750059804539,2.9265991508466467,4.14932149805565,-4.14262199107309,2.9265992475318514,0.0002443912446151371,-1.4998205051747218,856.4983155653998,-0.0019583829003161557,3.0928362199802026,4.36687718559935,-4.38651853912457,3.092836840003852,0.00045573130814097613,-1.5000566775365134,956.5639718885012,0.002777426562759615,1.9731747063374778,2.8273356987461,-2.7992926888588,1.9731766610793628,-0.0008729909746232434,-1.4997202423451004,389.3426135828303,ITSC_A40
0.0006936374728306349,2.9334635989137103,4.1541805640866,-4.15427358432539,2.933463680921365,0.00023438353191233594,-1.4999040597351891,860.5209167284722,-0.0006722940096037355,3.153594316975081,4.46057217604246,-4.46177930997824,3.1535943886360474,0.00036769007586433044,-1.500366498527742,994.5157568036764,0.0009138662359255711,2.0518673104082628,2.9262252806136,-2.90789737339761,2.0518675139183657,-1.1811916927519666e-05,-1.4996868025311785,421.0160294673536,ITSC_A40
8.526970568132785e-05,2.94532106974101,4.16782817734496,-4.17454000894074,2.9453210709753277,0.0006886108320246163,-1.5001665680320313,867.4916211131251,-0.0013109233020648736,3.145033782938269,4.45532745910865,-4.44241527865633,3.145034056149933,0.000409357490799583,-1.5003528157035368,989.1239214342901,0.0010239557123250663,1.9981342223555147,2.85408897714333,-2.83856958048003,1.998134484721581,-0.0008307925832400375,-1.4994986980585885,399.2541419033578,ITSC_A40
0.0002929624658809837,2.9475285629715184,4.17631387851632,-4.17239246434271,2.947528577530666,-0.0008778135770589377,-1.4996316781634098,868.7924715359951,0.00031284756201249486,3.1671932551059774,4.47904817330311,-4.47899578461475,3.1671932705571337,0.00011548273330976364,-1.5001086832508548,1003.1113213062393,-0.00020813395144526404,2.023383223156936,2.88170461507811,-2.88032301646775,2.0233832338617153,0.0004972466618338325,-1.4998346946118968,409.4079711072693,ITSC_A40
0.0010607370112059745,2.947048756744266,4.17196310759177,-4.17430432968515,2.947048947640831,-0.0005299587555158036,-1.4996072302816728,868.5097499790928,-0.0008577491509932422,3.154284079100051,4.46214299257306,-4.45870019047698,3.1542841957245487,0.00019297362071324324,-1.5001594391470987,994.9508787397663,-6.224941416629548e-05,1.9925364161060228,2.8625683885237,-2.84801644223989,1.992536417078399,-0.00040768716151426025,-1.4992683633137536,397.02013733836236,ITSC_A40
-0.000149508391605222,2.9396803045959117,4.17052583422211,-4.16150908916498,2.939680308397815,-0.0008749501183806512,-1.4996487056710035,864.1720315581871,0.00040139143498027106,3.1638492478599844,4.47218141977887,-4.4767006081694,3.163849273321862,0.0002794938724741492,-1.5001639464888175,1000.9942224299275,-0.0002490730767123317,2.029350250320523,2.88682250306114,-2.88723037156643,2.029350265605563,0.0004662811548388524,-1.4999277421567576,411.8262500513369,ITSC_A40
0.0003645622322006803,2.9320189534891306,4.14685051666574,-4.14455968735723,2.9320189761536533,-0.0003430518493426463,-1.4997574237659712,859.6735276525118,-0.0012930196840698872,3.1592091172401626,4.46337698114858,-4.47305312876595,3.1592093818475018,0.00031811107805778104,-1.5003829845331589,998.0603918353273,0.003119794874299786,2.0025431592306173,2.85837071057671,-2.84563982749056,2.002545589418977,-0.0016892622739890853,-1.4991880932190926,401.0188837701399,ITSC_A40
-0.0006647874385209062,2.9148599927578154,4.13578713846191,-4.1230647967151,2.9148600685663166,-0.0006745892626345182,-1.499779765092178,849.6409219322431,-1.2860378945320217e-05,3.1683931741851503,4.48137980122782,-4.4822433386808,3.1683931742112503,0.00021261403210116701,-1.5002230972905732,1003.8715306388442,-0.0003804449398444021,1.9980223975135931,2.85375829256887,-2.85862386474035,1.9980224337339956,0.00033648255986050294,-1.4994996655364086,399.2093645704319,ITSC_A40
0.0008773718590625524,2.905045252295271,4.1037238749567,-4.10507932296524,2.905045384785697,-0.0008780620613471337,-1.499300427594869,843.9288687664679,-0.00111233794596725,3.1819011255165166,4.50434845315971,-4.50965676801123,3.1819013199436252,0.00020636899061389767,-1.500383263572083,1012.4496009858983,0.0004862788195618428,1.9850207779605817,2.82939123434758,-2.82197030874364,1.9850208375234566,-0.0003175536250288302,-1.499579177070707,394.0307725402325,ITSC_A40
-0.0014151848080241102,2.8844449477706986,4.08876023532836,-4.09151166356908,2.8844452949341837,-0.0004699054121448512,-1.5000192232406657,832.0024659467949,0.0012377595746807335,3.1601822198962104,4.50007573899956,-4.47937612104019,3.1601824622950025,0.0003578032488939053,-1.4998349841907692,998.6753194996904,-0.00026841750853825455,1.9888121453176937,2.82037219696295,-2.82577969763808,1.9888121634310076,0.00012009746188940362,-1.499954885465179,395.5373821411125,ITSC_A40
-0.0001804496141709011,2.857281948104837,4.03854898896071,-4.0412093389753,2.85728195380292,-0.0006281795787363311,-1.4996639283880298,816.4060163527834,-0.0006302201170901934,3.1683249295507676,4.48941272903196,-4.48791159334501,3.1683249922301644,9.546526600604524e-05,-1.5002794875939849,1003.8283256390271,0.0022704735610005987,2.010662271040308,2.86076129721668,-2.86490575938818,2.010663552968313,-0.0010478973508307819,-1.499254043001489,404.2767923235161,ITSC_A40
0.0004114281577382695,2.928414646676568,4.14378919501956,-4.14199374482812,2.9284146755784057,-0.0003617162733227703,-1.4998295940201516,857.561251214298,0.00034954395020059427,3.177627291126894,4.49343711943613,-4.49832413533368,3.1776273103520833,0.00014345125072565292,-1.5001128849054537,1009.7315323495415,0.0010081325575964596,2.04451193154071,2.89234332070074,-2.91193898940622,2.0445121800917643,-0.00044202240933393597,-1.4997478898371734,418.0030054543579,ITSC_A40
0.0005522977554931074,2.9365320994364916,4.15766142705096,-4.15521677565829,2.9365321513740827,-0.0002678341094584868,-1.4997502557273263,862.3221076053699,-0.000873716887700155,3.1734253496202744,4.48395029036867,-4.49179764976169,3.173425469897435,0.0001901571863312598,-1.5002587721464875,1007.0629212993758,0.0018413448910011088,2.0713531120862507,2.9485738587756,-2.95018135568391,2.0713539305247677,-0.0008778407271318847,-1.4992681736872453,429.05071055004044,ITSC_A40
-4.205447259284512e-06,2.92419508504179,4.14723435535999,-4.13724402518102,2.924195085044814,-0.0008156841338381142,-1.4996734075121272,855.0916895400247,0.0004221533727726118,3.174416785323221,4.4942033445662,-4.49037869067544,3.1744168133934902,-1.6956177663109883e-05,-1.4999036506931038,1007.692210515528,0.000523066944026338,2.0388081725060907,2.92159754905114,-2.92176209937614,2.038808239603875,-0.00026383556303443193,-1.4993008392881455,415.6739037876652,ITSC_A40
0.000470290085991536,2.9208572034154803,4.1308959891793,-4.13047598981617,2.920857241276414,-0.000493786046908986,-1.4997005714023364,853.1407023916865,0.00013586420840308922,3.1713171984694863,4.48634530661952,-4.48762698970342,3.171317201379804,0.0005937110948826608,-1.5003464555908992,1005.7252791767435,-0.0002571092021172383,2.0382406959354684,2.8919536544984,-2.89303944721597,2.0382407121516937,0.00032623023270227,-1.4999900085892865,415.4425200672643,ITSC_A40
-0.0008140695626969973,2.904773555062982,4.11894307498837,-4.10890503375519,2.9047736691354267,-0.0003653945127445231,-1.4999414162673093,843.7710068902488,-0.00025517163302762213,3.1473165741669056,4.46005841825712,-4.44984032516022,3.1473165845110453,0.0002766588367538461,-1.5002068477406416,990.5601683138271,0.0005772423737267474,1.996147391565549,2.84069585689879,-2.82995861248015,1.9961474750285118,-0.0005841166444115498,-1.4996158806237476,398.4604742062703,ITSC_A40
0.0003026448576022567,2.8890712855207457,4.08897314953901,-4.0851469643183,2.889071301372537,-0.0010117702241118054,-1.4994527074087693,834.6732984414406,0.0005926038868429961,3.1562606366300545,4.46970205391079,-4.47325243436619,3.156260692262242,0.00041449639153599686,-1.500226566183286,996.1981557519726,0.00036832477259696184,2.0538700102491467,2.91760388075046,-2.91999923837867,2.05387004327537,9.928330562253006e-05,-1.4997611391355492,421.838215466397,ITSC_A40
0.0003356496842802192,2.8836728059891135,4.08635169594796,-4.09120750196123,2.8836728255233526,0.0003362377914254099,-1.4999930381834543,831.5568964661836,-0.001956032103334027,3.143605472334896,4.46046874093721,-4.47472735450874,3.1436060808815554,-0.0006338642831695295,-1.4997837278142299,988.2259191755492,0.0016594664545001826,2.003740761920511,2.85757490239408,-2.84921660751133,2.003741449092349,-0.0009871089573508234,-1.4994673604213968,401.49797948107056,ITSC_A40
-0.03205948999286849,2.6346420365827377,4.05582408121774,-4.02058115285679,2.634837086392143,-0.0014025476771103629,-1.4644376206830338,694.2366471827437,0.027890533183801875,2.9548047614200676,4.50735628400726,-4.47254959986294,2.954936388478097,0.006251575874457406,-1.4646294738771035,873.1649059951977,0.019053539370419145,2.002111297859129,2.84313812231921,-2.85008489147368,2.002201959438085,-0.009704931782236517,-1.4962520479464092,400.88126863777063,ITSC_A40
-0.018412230093755495,2.0334607265346563,2.94292910013797,-3.04187208869994,2.03354408277172,0.008499520499968846,-1.4960946898052545,413.53015365758773,0.016162680725725243,2.086504251394319,3.37807624015742,-3.23520718050036,2.086566850914393,0.013914030223072775,-1.4727329056604501,435.3761223334808,0.007061289264329722,2.0047187463320033,2.84099308757388,-2.83771101644495,2.0047311824035243,-0.004089299042410601,-1.4982570891750442,401.8947113701033,ITSC_A40
0.0014259476596327136,2.0090253214831644,2.84057587707197,-2.84209218587051,2.0090258275311594,-0.0012562974782403128,-1.5003089946761183,403.61847756872606,-0.001136497658514259,2.0058691231781203,2.84491098798395,-2.83900867680715,2.0058694451400094,8.377843024513093e-05,-1.5004964362520015,402.35122309462895,-0.0005202018513738071,2.0048068187783907,2.83527395323615,-2.83554779098725,2.0048068862686743,0.0003872484447338391,-1.500171857443676,401.9250651230298,ITSC_A40
-0.0015549773879183037,2.95418685778151,4.17934960306399,-4.17800856413118,2.9541872670234812,0.0011670814148240483,-1.5007289753519286,872.7222408643665,0.0034266325843660063,3.192946842554008,4.54177654401946,-4.53273579849084,3.1929486812641503,-0.0007287183935282048,-1.4987545373395879,1019.4921281186475,-0.00208688156007935,2.042150682544119,2.90647388826517,-2.91891654033284,2.0421517488399474,0.0012572506540747652,-1.500046919443198,417.0383765290056,ITSC_A40
-0.0008937090459957986,2.949181531163436,4.17132097135647,-4.1720397085441,2.9491816665765724,0.00042204859064540797,-1.5002213843346897,869.7672502471368,0.00021329296404597463,3.1485773094076914,4.45693520495805,-4.45750276375595,3.148577316632206,7.062978932595698e-05,-1.4998545344771914,991.3539118810866,-0.0007791398234589187,2.0389551309733216,2.93479364945361,-2.92751508631114,2.0389552798385013,-0.00015970619153679748,-1.4990075026012113,415.73386331813003,ITSC_A40
-0.0003042555813772463,2.9142741682317808,4.15334025217693,-4.13562466078883,2.914274184114202,-0.002602617272453701,-1.4988568773445947,849.2994020194496,0.0012775679776872938,3.159267419865728,4.47021794449743,-4.46758545848791,3.159267678181922,-0.0006155294076741159,-1.4995472660209004,998.0972262404991,-0.00014540593879321052,2.0750907508560963,2.95263550660992,-2.95724360024945,2.0750907559505447,0.0005391400584058584,-1.4998981043517141,430.60016454314035,ITSC_A40
0.0002416952572364095,2.853313176130144,4.06246334016763,-4.04337391484364,2.853313186366769,-0.002573699465877023,-1.4984156610376178,814.1396139494485,0.00260713724369097,3.1185961734910066,4.4239202064438,-4.43668477557743,3.118597263270357,-0.0005517530982234851,-1.4991525646579436,972.564889047736,-0.0032717499715314655,2.015567364820629,2.84708776965885,-2.86286701942892,2.0155700202369182,0.0015802300945665947,-1.5005129485245339,406.25225064778516,ITSC_A40
0.0014498456207907551,2.834646861614532,4.01214336321694,-4.0112938597317,2.834647232393025,-0.0017275076770608545,-1.4981639279619716,803.5224932113437,-0.0012686131617769226,3.1184293070968763,4.4310658260515,-4.41376196441424,3.1184295651401297,-0.00042735908482683635,-1.5000107684924189,972.4602952740058,-3.685876215588024e-05,2.0535118354186785,2.93504843723973,-2.93569279787988,2.0535118357494704,-0.0005169724898499873,-1.4989142660135033,421.6910859563161,ITSC_A40
0.0017006278163688693,2.831321102691611,4.0050214059059,-4.00220877261859,2.831321613431051,-0.001368760414107296,-1.497772892787219,801.6382078681809,0.0011367443766948438,3.1431032542031323,4.45677207475645,-4.44919895917058,3.143103459762357,-0.00028564112922281084,-1.4996911122096488,987.9099358770097,-0.0021298735418076344,2.0504421089893383,2.92944462876469,-2.93156811756716,2.050443215180062,0.002031419751074683,-1.500147964875196,420.431737867795,ITSC_A40
0.0012303783320370453,2.8557098853623146,4.04682828616218,-4.03635918629857,2.8557101504156344,0.00041705337459318673,-1.5000412075749887,815.5080463186885,-0.0010677687166221151,3.124190247178235,4.44263858513292,-4.42499434889165,3.124190429646316,-0.0003915250268749285,-1.4999603785390334,976.0565840693631,-0.0013430449981883053,1.9924606867907257,2.82502341079125,-2.85221890671415,1.9924611394394716,0.0001980569310627197,-1.499824095992618,396.99013921764373,ITSC_A40
0.0014185208319731379,2.896637868808833,4.11112928323122,-4.09765370058969,2.8966382161427635,0.000781103498631704,-1.500406579630963,839.0512955218729,-0.0010528508086233102,3.1810420680804525,4.51151309025566,-4.51129488823355,3.1810422423149913,-0.0006057138309753178,-1.4999309161440635,1011.9029747392387,0.0012496533396924691,2.047597843411974,2.91242584598279,-2.90411381590248,2.0475982247449904,-0.0008933988486929757,-1.4992335810239943,419.26584899788367,ITSC_A40
-0.00036596136738858975,2.9265843782141276,4.14726608403059,-4.13893444943561,2.926584401095361,0.0013609569514182413,-1.501665004284002,856.4896256734694,0.0026509596888149166,3.1711478170138307,4.48981436081847,-4.50252405544149,3.1711489250646774,-0.000961070677523139,-1.4993366727018578,1005.6185504938858,-0.0009084770866604952,2.01196139172199,2.87603574433162,-2.87329902987254,2.011961596827957,0.0014590109863091814,-1.5000664465602511,404.7989467110503,ITSC_A40
-0.00035424392110846805,2.9475342013373607,4.1758877678974,-4.17475402409578,2.9475342226244345,0.0012358057736376411,-1.5010314802925182,868.7957993542228,9.650402593002871e-05,3.158999029362136,4.46770915706971,-4.47018811056019,3.158999030836183,-0.0005894437617907723,-1.4998037650078793,997.9274876823944,-0.0011283828982904653,1.9898753170144687,2.8577181924151,-2.893843443588,1.989875636946037,-0.0007368045293809761,-1.498284384945565,395.9605050511397,ITSC_A40
-0.00010908178460816987,2.0267733897535973,2.86656854630108,-2.86561726825169,2.0267733926890106,0.0003059541676215842,-1.4996577505561433,410.78103853121223,0.0007988413656964477,1.88121705687916,2.66256953442425,-2.66247239801108,1.8812172264894387,-0.000570887609449927,-1.5002257787333377,353.89782532406156,-0.0018075745887066175,2.034149808980973,2.87186605614169,-2.88245409897084,2.0341506120991197,0.0007862731912760969,-1.5001685431539764,413.77687127032226,ITSC_HLT
1.9582216430336086e-05,2.0341363128033327,2.87996935547954,-2.87920511989115,2.0341363128975893,0.0003982020213246082,-1.4996545270466466,413.77105394485994,0.002253242563898965,1.863172058918693,2.64643173072707,-2.63303823226314,1.8631734214069753,-0.0008469127566410387,-1.5001014970041744,347.14151982373744,-0.001675272511634187,2.0592036260336055,2.91714648915297,-2.91640035648857,2.059204307495479,0.000975660727922518,-1.5002346377781495,424.03223800079365,ITSC_HLT
-0.0008240164146777995,2.0294581170252872,2.87319316791791,-2.87732605781894,2.029458284312066,0.0005756352409778601,-1.4991890195904547,411.87009277628744,0.0010177975027355268,1.8835788737450399,2.67429640280194,-2.68920714456244,1.883579148729989,-0.001653183815336579,-1.5006388912440003,354.787040953039,5.4409631525889065e-05,2.0428100953348567,2.90814850196388,-2.89606801523002,2.0428100960594486,0.0011462788106446102,-1.5004941676478,417.3073088562414,ITSC_HLT
-0.00038112065235873293,2.025881062674237,2.86425387078218,-2.86536547377928,2.0258810985235653,0.0006413276179886556,-1.499394981137933,410.41942253550474,-0.0003190627573643745,1.9052863349417657,2.69592800514063,-2.69467202259231,1.9052863616571838,0.00035144297716874906,-1.4997388449418578,363.0116119916869,-0.0010177137418926963,2.040525074307929,2.8857789071431,-2.89593037333319,2.0405253281007414,-9.498326577908754e-05,-1.4997801197380884,416.3743614620639,ITSC_HLT
-0.00013655541421389307,2.029897876171539,2.86925646543424,-2.8674151108525,2.029897880764721,0.0006533204592314044,-1.4995553444309702,412.04854063331067,0.0012853125509180562,1.882682208508312,2.67395687807489,-2.66462759769317,1.8826826472515457,-0.00024395788828357522,-1.4998237353323047,354.44939502620883,-0.0013475287284231152,2.062635651744829,2.9194192079116,-2.92273255436532,2.062636091917934,0.00058046725870092,-1.5000750916143264,425.4467647682489,ITSC_HLT
-0.00016397885828088653,2.0368366040428114,2.87712802718108,-2.87758202019277,2.0368366106435047,0.00018375785697628683,-1.4998027953568258,414.870337845772,0.0011255286861017978,1.870569951883969,2.64361871209587,-2.64411372691208,1.8705702905012729,-0.0005415813417634883,-1.5001660231174045,349.90332117060166,-0.0004166333969073399,2.0586444368921732,2.92179267604209,-2.91626293033355,2.0586444790518055,0.0012332344656130264,-1.5004719642764814,423.80170911304793,ITSC_HLT
-0.0006063463074913972,2.0279264612100896,2.86746949509445,-2.86880582890669,2.027926551858307,0.00019494440025284048,-1.4997276080543627,411.24860997319223,0.0012372839583006323,1.8806606321595258,2.65989873378191,-2.67038038249086,1.880661039163161,-0.001132931411307582,-1.5004786607680898,353.68859442262607,-0.00023905651644230642,2.045258617859204,2.89556469215807,-2.89193001157266,2.045258631830057,0.0005205524785298108,-1.5002066362056918,418.3082871075358,ITSC_HLT
-0.000527099657972006,2.023569677979155,2.86052887256591,-2.86204736875652,2.0235697466286435,0.000764202321525162,-1.4994649935856526,409.4834519470713,0.0011658691665000775,1.8792884016124964,2.67162040186347,-2.66529976137277,1.8792887632522481,-0.00031148356044868186,-1.4999038988873137,353.17262556861647,-0.0017876119730498852,2.0492588017342137,2.89955431486244,-2.8981664802757,2.049259581420009,0.0011876000942461435,-1.5002766313513112,419.9464832041712,ITSC_HLT
-0.0005658089298624857,2.0202885410001814,2.86112931762336,-2.85774692714147,2.0202886202313732,0.00038087807707889206,-1.4996617945696478,408.15661090363864,0.0018130377061437207,1.8777084787324017,2.65379878960156,-2.66497629079287,1.8777093540293381,-0.0013001790265480193,-1.5005187157839919,352.5792418209274,-0.00011116658031835148,2.041393387723687,2.89610725258229,-2.8971111976275,2.0413933907505437,0.0013779709390367935,-1.5004566597800513,416.7286975800002,ITSC_HLT
-0.00022075882533204472,2.024661224500607,2.86654034126202,-2.87061799500003,2.0246612365358203,0.0011400392795082633,-1.4995429816219905,409.9253122730757,-0.0001874354177011739,1.890911303674726,2.67554316814353,-2.67759907788189,1.890911312964436,0.00015144513221965208,-1.4998715534104954,357.5545593496887,-0.0011870669197550354,2.0308549295994776,2.87769785894119,-2.87109575703676,2.0308552765291696,0.0006850546117362278,-1.5001277827779675,412.4373154206371,ITSC_HLT
-0.00029677591003535175,1.9715700650033243,2.78972554021663,-2.79186484605778,1.971570087339822,-0.000647530116142273,-1.500488866505267,388.7088609293154,6.2561788611597e-05,1.9592587597663587,2.77255918585632,-2.78021065768292,1.9592587607652001,-0.0009736415901651184,-1.499497341149522,383.8694891635187,-1.471903224008031e-05,1.97999515001959,2.80472215705387,-2.80552990655343,1.9799951500742994,0.00021340454884553024,-1.4997740453191872,392.03807943177475,ITSC_HLT
0.0002769732696889493,1.9739454769986235,2.79041724917324,-2.78768047539656,1.9739454964303134,2.6200109054205844e-05,-1.500185430528346,389.6460822877516,0.0017417603058135379,1.9630898997512314,2.78364789690618,-2.78382790202005,1.9630906724433952,-0.0005743266318065384,-1.4998395666381843,385.37249882342616,-0.0012543403617858927,1.974877611386463,2.79251603753904,-2.79742334227028,1.9748780097325618,0.0005729476034758077,-1.4998207887875685,390.01431533252446,ITSC_HLT
0.00032344171101235554,1.9718312702974796,2.78726691144002,-2.78895446262989,1.9718312968247338,-0.0006242677387982036,-1.5008180862876588,388.8118663137511,-0.0006401648805526694,1.9557006081604427,2.77614691378543,-2.77118001156634,1.9557007129339088,-0.00029091428454588764,-1.4997432918097107,382.47652785701996,-0.0005341456719419657,1.9831682993576518,2.80943491525412,-2.80820104396201,1.9831683712909298,0.00028010333780647797,-1.4998394948539933,393.2956788888719,ITSC_HLT
0.00010189736745182198,1.9715029399499673,2.78899204493759,-2.78757453625519,1.971502942583256,5.948967910719117e-05,-1.4999589477590771,388.68238526144376,0.0017527525019950185,1.9654984774225632,2.78147462716326,-2.7800771956746,1.965499258939506,-0.0011305609343476176,-1.4997003681536454,386.31873368917473,-0.0012006211133284506,1.9692819690972605,2.78892711404117,-2.78811278253719,1.9692823350912994,0.0006087059189594264,-1.4998028874253504,387.8072915302641,ITSC_HLT
0.0001811014184811599,1.9703895706977386,2.78547732107465,-2.78551577061408,1.9703895790203882,-0.00027796021796692327,-1.5004448763851532,388.24350931121427,-0.00011354359970549454,1.9572455202150236,2.7741679982543,-2.76724914259678,1.9572455235084654,-0.0005619684289872267,-1.4997507090656155,383.0810039293927,-0.000967860837383081,1.9825890657355445,2.80756126110836,-2.80953271746874,1.9825893019808063,0.0006214994759867941,-1.4996612984924897,393.06603403287403,ITSC_HLT
0.00025837882851217133,1.9715260507019616,2.78834877063563,-2.7910034472874,1.9715260676329118,-0.0006606322038281949,-1.500588166575473,388.69150353560923,0.0004761372162392674,1.9586733099542741,2.77096632358247,-2.77253211543499,1.958673367826775,-5.5367016542522974e-05,-1.500016142966879,383.6401361833881,-0.0003197027497986937,1.9792391834033751,2.79717876586805,-2.8009234101896,1.9792392092238644,9.788182761343806e-05,-1.499994220881291,391.7387847329108,ITSC_HLT
7.728809833200679e-05,1.9759337581744338,2.79527978712917,-2.79683916826081,1.9759337596859852,4.782669173032677e-05,-1.5000224455987559,390.4314222666793,0.0008406034962282493,1.9556242716208567,2.77112405059961,-2.76733893383159,1.9556244522829136,-0.00146204350257621,-1.4995386162622655,382.44669983668456,-0.0007573126212487003,1.9742554941805788,2.79265181968976,-2.7956627994058,1.9742556394308737,0.0002608686762946984,-1.4999385160185774,389.7685329824608,ITSC_HLT
0.00039901003479709597,1.9662435234427955,2.7820278975305,-2.7809321563235,1.9662435639283724,-0.00029696801864722183,-1.500434423285376,386.61137526897477,0.0005261556208584084,1.957036089300779,2.77218044224326,-2.77232110542753,1.9570361600301165,-0.00016869593945977458,-1.499974143880526,382.9990531665424,-0.0007587506189438109,1.9704763164516121,2.7968131981077,-2.78881098968739,1.9704764625336724,0.0005634336981791197,-1.4997132610928139,388.2777489399215,ITSC_HLT
0.0002181848036823353,1.970152907187523,2.78515790764816,-2.78555386062594,1.9701529192689733,-0.000458919132743309,-1.500354900713812,388.15025253040574,0.000208774601403956,1.9492779190381326,2.76374018515679,-2.75960141850976,1.9492779302183842,-0.00028689543895250494,-1.499910819551349,379.9684449236468,-0.0011940016270745835,1.97545430510288,2.79452997166338,-2.79989930075052,1.9754546659413343,0.0004302446650175111,-1.4998591563689467,390.2421137189389,ITSC_HLT
-7.600110495969093e-05,1.9706111472385888,2.78572756234787,-2.78947457485789,1.9706111487041664,-0.00028585267495200717,-1.5001975766888112,388.33082993971544,0.0010261874578306697,1.9603813525513305,2.77430150338828,-2.78077518307632,1.960381621136987,-0.0015885699079276787,-1.4995429510833087,384.30961004916816,-0.0008781253612196593,1.9715781355514976,2.79169457950824,-2.79445020971355,1.971578331106545,0.0005860696105677486,-1.4996876491700715,388.7121115688869,ITSC_HLT
0.00025882068596897514,1.9881921367546838,2.81705813846187,-2.81223825338259,1.9881921536011813,0.00020428631940269746,-1.4998206120050495,395.29080396413036,0.0010542625317599575,1.9727408372153892,2.79246292612948,-2.79161353484149,1.9727411189222877,-0.0007078674929686205,-1.500265285005367,389.170752228676,-0.0014705137869485795,1.9709358833603339,2.7916297725759,-2.80175211014023,1.9709364319348754,0.0003362407432333085,-1.4999474316943333,388.45904187281775,ITSC_HLT
-4.239487847752077e-05,1.9959429183578044,2.82292032042928,-2.8227938449249,1.995942918808049,0.00019895861092214997,-1.4995730705718529,398.37881351399943,0.0016026374693606771,1.955785116658979,2.76778596990954,-2.77774372782708,1.9557857732869504,-0.0005593200221528021,-1.5000809730951854,382.50979909916344,-0.001192830239378817,1.9930758190533517,2.820917420281,-2.82131271038389,1.9930761760000968,0.0007364330037700461,-1.5002298306268433,397.23526433391686,ITSC_HLT
-0.000316384533292236,1.992916192545497,2.81922426300328,-2.8207772256477,1.9929162176592405,0.0001801854534724521,-1.4991783292416356,397.1715050609214,-0.0008480640347404344,1.9662240651341232,2.79428352946483,-2.78647687938184,1.966224248025938,-0.00027271454348958945,-1.500229234611572,386.60377935251654,-0.0001885189986102631,1.9789515470002317,2.8042939401765,-2.79601408396958,1.9789515559795856,0.0007243232523618215,-1.5003974968214442,391.6249260914023,ITSC_HLT
-2.4284712379706585e-05,1.9920727847499429,2.81856677442788,-2.81816983762992,1.992072784897966,0.0001831852554162575,-1.49952594442895,396.8353980331138,0.0009728727611872445,1.9729356843725485,2.79539519601863,-2.7973208122146,1.9729359242387945,-0.00017768905243777816,-1.4998924761332446,389.24761611519864,-0.0006206156701128718,1.982367947239196,2.8090196540394,-2.81175708298269,1.9823680443866,-7.057560827423025e-05,-1.4998295481011195,392.9783063405153,ITSC_HLT
-0.00017583914901666832,1.9913381776589527,2.81691089294804,-2.81833307010825,1.9913381854224272,-0.00011499156519003057,-1.5000372020225314,396.5427768721486,0.0013064861284366148,1.955253710650072,2.76456433361867,-2.77024605129486,1.9552541471422278,-0.0005251147480545249,-1.5001307202316991,382.30187799168806,-0.00014392821612435825,1.9841400645618934,2.8105387053673,-2.80674274914679,1.9841400697821225,0.0005755721296989805,-1.5003033162710793,393.6811816515006,ITSC_HLT
-0.00014522786058042525,1.9865599362601296,2.8093913676092,-2.8101596453253,1.9865599415685855,2.3797192328431257e-05,-1.4998476826155838,394.64204014449814,0.0011612864674403322,1.9559235105894899,2.76973328839431,-2.76835063060337,1.9559238553335798,-0.001105214705975606,-1.500548730852303,382.56381278629743,-0.0009104381192278099,1.9748233441941714,2.79266559434696,-2.79649453484627,1.9748235540604178,0.000676639385190329,-1.5002842230853084,389.992806967182,ITSC_HLT
-0.00014940621211287003,1.9859347899195323,2.80917916107309,-2.80901308354203,1.98593479553961,0.000341677998927548,-1.4993573020886104,394.39370121349526,0.0006095565336733566,1.9551995707442418,2.77023655487334,-2.77209748405448,1.9551996657624597,0.00022101127345308644,-1.499619595609377,382.2805732997634,-0.0012420682376404547,1.987198106898281,2.8153031727865,-2.81245790061187,1.9871984950662622,0.000580972404832701,-1.5001208404336313,394.89578587936177,ITSC_HLT
-0.0002902055549636764,1.985849525465341,2.80761835315346,-2.80867941299525,1.9858495466701862,0.00013579198114281292,-1.4995208370080435,394.3598422010184,0.00022182111562121687,1.9408862019832192,2.74694972338791,-2.75078448835412,1.9408862146590284,-0.00037625271152171496,-1.5002356698689048,376.7039298253452,-0.00023983363956955994,1.9768001530182973,2.80425525627202,-2.79421134305527,1.976800167567106,0.0011509801010047773,-1.5005604003329756,390.7738902493339,ITSC_HLT
-0.00011419164537305025,1.9811438321137576,2.8011074663507,-2.7989667846044,1.9811438354047177,0.0002401933552212531,-1.499613242648983,392.49308965621157,0.0004032527621651383,1.9634460801935698,2.78030871768078,-2.78032493097787,1.9634461216036165,-0.000779475163530296,-1.5004055211295215,385.51206724402834,0.00017682101215675593,1.9651388936510317,2.7779768136584,-2.78211053193727,1.9651389016061105,-0.0002498495954102106,-1.4998909270054213,386.17709026056707,ITSC_HLT
0.00026972910781005984,1.9892979365138697,2.81292782706885,-2.81123693205819,1.989297954800168,0.00026713238826423815,-1.49978049156477,395.7306352972131,0.0010333508249122936,1.95436426768257,2.77206989114899,-2.77119730537301,1.954364540869578,-5.26982930458946e-05,-1.4997794966078501,381.9540758608356,-0.0014806089103688391,1.9728306635001704,2.78837953482316,-2.78913655740922,1.9728312190983974,0.0009643336533668781,-1.5003277287167027,389.2063019049269,ITSC_HLT
-0.0001933885049244388,2.0285275515546775,2.87043516361704,-2.87082186975643,2.028527560772968,-0.0002372781830959698,-1.4998672107207884,411.49240648155285,0.00013660847697707256,2.037447314343769,2.88688183506912,-2.88396613150083,2.037447318923489,0.00043911577544548323,-1.4996668298727556,415.1191577388514,-5.063719065700134e-05,2.0264211342549596,2.86476486186653,-2.86480116079848,2.0264211348876326,1.9598515447951663e-05,-1.4999545646941896,410.6382615919282,ITSC_HLT
-0.00026911378466748737,2.0295636536102406,2.87184573445687,-2.86878002029561,2.0295636714520633,0.00010834865011901434,-1.5000157459090537,411.91286964779783,0.0001643083826208158,2.05280800731601,2.90866248855452,-2.90652195649903,2.052808013891697,-0.0008494027298637815,-1.5007600237289864,421.40207418979736,-0.0003791011572727232,2.019940945560763,2.85705881803036,-2.85691328608401,2.0199409811354876,9.921742255327953e-05,-1.5000087282119665,408.01615672705975,ITSC_HLT
0.000291267315231023,2.040146857298323,2.89107125046161,-2.88694315016737,2.0401468780901224,-0.0010201985796625802,-1.4996144457553768,416.2199284180873,-0.00038914281217325235,2.032126766341719,2.87209629438164,-2.88235564521783,2.0321268036012365,0.00031996738845045566,-1.4996192290028334,412.9539345914579,0.00014421140264560427,2.034656946825741,2.87559751047547,-2.87783172214512,2.0346569519364124,-0.0003020968033176703,-1.5001433464663227,413.9828912063173,ITSC_HLT
0.0005953774054660598,2.042878576829201,2.89014502178961,-2.89259187364594,2.0428786635877216,-5.148280209562051e-05,-1.5000237937509657,417.33532341419556,0.0007745070932771269,2.0551161720461497,2.91778347661215,-2.91291864552065,2.0551163179895333,0.0006136920297424548,-1.499612096637021,422.3503080466857,0.00033022128464760937,2.017162018724307,2.85786962004444,-2.86400734330319,2.0171620457538895,0.00042837085928638154,-1.4995868992181336,406.89427188300164,ITSC_HLT
-0.000851214975437773,2.0379656011138088,2.88278365215918,-2.8822233982211,2.037965778881015,0.0007440645879545769,-1.5001876031936077,415.3304515890102,-0.0005320944336502177,2.0496556588320334,2.90490398341597,-2.913915542264,2.049655727898386,-0.0008610097667054967,-1.5004888855756031,420.1088602906662,-1.736133913287308e-05,2.0220597487384486,2.86263759534874,-2.86318735104253,2.0220597488129806,-0.0004834659871387661,-1.500293509857579,408.87256277696144,ITSC_HLT
0.0005193012863017632,2.03196406635372,2.87478539043727,-2.87981334609739,2.0319641327116416,0.00013359002365246424,-1.5000940476072904,412.88782366265724,0.00048816200379892346,2.0440819369631793,2.89852000809121,-2.88890151005019,2.0440819952539298,0.0004440578576638271,-1.4998228364898925,417.82712033212863,-0.0007372197185998263,2.0218301226970876,2.86071903866,-2.86276195158687,2.0218302571032596,0.0008430210562669686,-1.4994991518151575,408.7797588538233,ITSC_HLT
0.0001517506300131588,2.027711353702184,2.87120064149926,-2.86616267889266,2.0277113593805693,-0.0005484211990276857,-1.4997994127250702,411.1613356960997,-0.000592209479542094,2.0520403322803573,2.90830264640797,-2.90643777757306,2.0520404177348333,-8.090510414862927e-05,-1.499748522472503,421.0869876017348,7.089338938487177e-05,2.0215668084025973,2.8663693377206,-2.8651403064285,2.0215668096456607,-0.0005287715117895757,-1.5003291015766256,408.6732365860936,ITSC_HLT
-0.000219752387728942,2.0365517445801897,2.87914788915985,-2.87910113732085,2.0365517564362876,3.157970173370294e-05,-1.4999784570162604,414.75430566437274,0.0007020225970121361,2.0437491313128024,2.89685799741443,-2.88658596313805,2.043749251884282,6.96226360848247e-05,-1.5001985556899755,417.69110045775625,1.2920648347773955e-05,2.03148059892492,2.87463891345628,-2.87349311795884,2.031480598966009,0.00026532830045081685,-1.499755583834937,412.69134239752947,ITSC_HLT
-0.0001980297580731616,2.0368440712893103,2.87928701518795,-2.87921954843529,2.0368440809159147,0.00016383074846209765,-1.500046464216266,414.87338099621974,-0.0002502486958432969,2.057204579011287,2.91613758912345,-2.91149191401508,2.0572045942320405,-0.0005764281103484949,-1.500431258784101,423.20907425294155,-0.000688132245436912,2.0222111737614505,2.86394088676338,-2.85937217800596,2.022211290842688,0.00023238365101009115,-1.499960491210768,408.93385048116517,ITSC_HLT
0.0008843082851774176,2.0409131138971017,2.88517563123171,-2.88525226288551,2.040913305478287,-0.0011178603955311684,-1.499650300269508,416.5327120478307,-2.6429280177613092e-05,2.0437485018783415,2.89674400003794,-2.88796393341321,2.04374850204923,0.000742365653926417,-1.4992856063352094,417.6907939628471,0.0006625172207023367,2.0330671465591577,2.87432897570483,-2.87386526056501,2.0330672545066637,-0.00042009411198316106,-1.5001554600500422,413.33624613472625,ITSC_HLT
-2.4345059722530314e-06,2.0057838456862673,2.83621072490017,-2.83439425382434,2.0057838456877453,5.784020935519752e-05,-1.4992926290195365,402.316883562192,0.00059816502529765,1.9973286399352168,2.82678776366564,-2.82843541690333,1.997328729505201,-0.0007493169262163056,-1.4996379783680716,398.932205370686,0.0006557942483405821,1.979669618235884,2.79610902524113,-2.79869879084656,1.9796697268565548,-0.00021513223196919614,-1.5000338904243362,391.90922274323066,ITSC_HLT
-1.2877348702102775e-05,2.0074178541445216,2.83925216554978,-2.83957217000698,2.007417854185825,0.00013046479453755178,-1.4995828850482709,402.9726441304023,-0.0004333765446948412,1.9881092542997636,2.81331035913993,-2.81825328550312,1.988109301534398,3.3803967723923315e-05,-1.4999565171419913,395.25785948475914,-0.00022977716513887801,1.9858467429338307,2.8058155714188,-2.80689866700644,1.98584675622729,-3.113822952623539e-05,-1.5000300362534675,394.358733921845,ITSC_HLT
0.00032296046527974134,1.9987374303771628,2.82538624151353,-2.83197026032696,1.9987374564694995,0.0001027190545361373,-1.5003542533930312,399.4951419894165,9.555537981396079e-05,1.9972279788006544,2.83267965105046,-2.82563089527456,1.9972279810865303,0.0007038862393020365,-1.5003622973664685,398.89196084349777,-0.00039894546564803955,1.9685974730197326,2.78656113611176,-2.79003183362008,1.9685975134438125,2.3073126128185415e-05,-1.5000658869673271,387.53761699371614,ITSC_HLT
-0.00041199700797984963,2.0037854201677012,2.8382763778833,-2.83498497011713,2.0037854625229183,-0.000215560675268833,-1.4998891251020818,401.5156179818186,-0.000939081953452312,1.994705612582649,2.82997784796616,-2.83480340667791,1.9947058336365378,-0.00016409761216103506,-1.4996866053750362,397.8851362743635,0.000998468743493519,1.9822162731579211,2.80736413472132,-2.81105716142284,1.9822165246289092,-4.266816580070816e-06,-1.4997313828345797,392.91823505119106,ITSC_HLT
0.00016649583403819502,2.0077678204762677,2.84042034179708,-2.84036182442799,2.007767827379671,7.281563659551522e-05,-1.4996924755159282,403.1131648660883,0.0006374967521962204,1.9889894253157492,2.82058373815391,-2.81175243735003,1.9889895274787102,0.00018142105399794847,-1.5001612558742923,395.60793404199825,-0.0001999326085087283,1.9866052803021743,2.81295780874501,-2.81002172969458,1.986605290362816,-0.00026604207576613195,-1.5001856711051322,394.6600579697528,ITSC_HLT
-0.00043743158522612126,2.007240476223991,2.84549344429425,-2.83906665577254,2.007240523888033,-0.00013632906763585826,-1.4997945396545984,402.9014520738305,0.0004314583011700335,1.9979433831414,2.83203967717935,-2.82867805003789,1.9979434297283716,-0.0008510527808018464,-1.4995131382745475,399.17779483947686,0.00028916948072824853,1.9839689260348776,2.80572533666955,-2.80940005046489,1.9839689471085415,0.00014574195231250401,-1.499818255965241,393.61327830909755,ITSC_HLT
-0.00011507040611100194,2.0194915178858235,2.85643381532962,-2.85669829065138,2.019491521164173,-8.491755599650944e-05,-1.5004830647477403,407.83460040539865,-0.0012306962566279078,1.9873057129870109,2.81372702321972,-2.80866831246634,1.9873060940590122,0.0012533976590076467,-1.5005632716930761,394.93855114840875,-2.7564787874680975e-05,1.9889545042660997,2.80950335046554,-2.80863313546913,1.9889545044571086,-1.6310380950626836e-05,-1.5000155971533535,395.5940020800223,ITSC_HLT
0.0003227498906463844,2.0148286096969437,2.85007951685526,-2.85185583738691,2.0148286355471554,0.00012615739218540235,-1.4998699798250097,405.95344306208113,-0.0003021607469911514,2.00267171159488,2.83710020999533,-2.83555775087629,2.002671734389709,0.0006416765598475119,-1.5003004806011295,401.06940757234844,0.0005552783696251007,1.9854954793654436,2.80710610747624,-2.80450831626487,1.9854955570120725,-0.0003823914033195112,-1.5001806332719567,394.21926069146804,ITSC_HLT
-0.0001565398130651352,2.010865493055495,2.84804070705321,-2.84510383719595,2.0108654991485713,-4.7076532796897734e-05,-1.499279682545641,404.3580055666033,0.00037299551616123863,1.9929283900156425,2.82392052672401,-2.8322542639809,1.9929284249204728,-0.0010350855367877293,-1.499398932030854,397.17637068559964,0.0009466068752179346,1.9953977484375693,2.82466552732441,-2.82369446688673,1.9953979729703792,-0.00036813091119584164,-1.5000508851421357,398.1613070534298,ITSC_HLT
0.00012634708573057264,2.0115537640863526,2.84501849127112,-2.8476345958738,2.011553768054327,9.515000889731758e-05,-1.5000406806859456,404.634856177356,-6.183181650850412e-05,1.9885819426171931,2.81821134549055,-2.80882602966838,1.9885819435784748,0.0006285249778025441,-1.5003445179013053,395.44581463263444,-0.0008432448899373179,1.9856336716221903,2.81843142922302,-2.81059416706728,1.9856338506738254,-0.00012341186647245555,-1.5001670211631217,394.2741788941764,ITSC_HLT
